split,stem,image_width,image_height,background_pixels,cat_pixels,dog_pixels,ignored_pixels,foreground_pixels,foreground_fraction,bbox_x1,bbox_y1,bbox_x2,bbox_y2,bbox_width,bbox_height,component_count,largest_component_pixels,present_classes,image_sha256,image_dhash,mask_sha256,quality_status
train,000000016206_4014,256,256,63783,0,1753,0,1753,0.0267486572265625,43,75,86,186,43,111,17,1722,dog,aafa5189b3b8461557b6d301da12fd70af22bb60682d2a6a67c0df37c0a8f856,7c6d75313526eccd,d46210f6933cea3dd19bd7e9cef0f13d7f160b3e0f70b62b79dad52f7f9fe9f2,ok
train,000000016823_4560,256,256,59766,5770,0,0,5770,0.088043212890625,119,74,216,160,97,86,1,5770,cat,4b41dc852f86e5f19c8222872a39b684ca265575860d6e03173355b6f1675f47,1e1d6723c7ec2e27,b34f6d32e40fd01197e98ba29247d984c32bc260d15bfddd531767a197276c48,ok
train,000000022129_2200,256,256,58297,7239,0,0,7239,0.1104583740234375,147,64,228,206,81,142,1,7239,cat,36b898e0a0881959d1dc0865400134729a33f0d0c9e9cf3dd151b6e66815f232,3e0e662d686ce4ce,bc59641072bd5a09a6e536e4168dc58216229404aae3050a3ce9b04dace1d555,ok
train,000000023511_6910,256,256,58321,7215,0,0,7215,0.1100921630859375,21,117,129,212,108,95,1,7215,cat,e608f61c6f8b6bdc2890e98cfded1851e3a89d52523b2870d2be2df575ed3850,9a9819315f585cce,702d6ba9730437e609ace4571cfe9d9cae47c1a94b5d0d7b65f758861dd5708b,ok
train,000000023731_404,256,256,64345,1191,0,0,1191,0.0181732177734375,160,140,194,204,34,64,1,1191,cat,25aa66ab364a9e117fefc2a895dec1cc66d9d128dfe0ae04160ba2f5a6f45f0a,c0c0c9c760707126,c3af35ef851f927355ffad8a676e7ee3b0b15691a113e80be1a524d3fabec61f,ok
train,000000024497_3808,256,256,60234,5302,0,0,5302,0.080902099609375,83,49,182,154,99,105,6,5287,cat,cf1ba9e23bfcb85d5467da8d5add8bef3338c79820a0614641fe57487a1824be,5cf8b393cce6e6e1,6ecc0dce4ebb46c3f5a1c695e0c5a2cccb66ab729d8d0ef5e79a8ce4b65fc17b,ok
train,000000025123_1462,256,256,55031,10505,0,0,10505,0.1602935791015625,51,69,142,233,91,164,1,10505,cat,4d939aca9cc1d7194b7fe0d658566fc7fa96d38077ac5f8762e3d32d05133b29,9911733a1b1b1b07,26633c81cd97b1157b30141a812bb82981a0864872a7b69fe00aa1c1482421fe,ok
train,000000026730_391,256,256,54696,0,10840,0,10840,0.1654052734375,47,69,208,230,161,161,1,10840,dog,52340df7db2f70b2e5848a24d0b5d73ea984cd08bc9c2d684674088648ad5c94,070299f8e0e02033,77410b1dc87da75e76132ffa414568c682d7500382a1cda6848ef0e1a8c831da,ok
train,000000028253_7169,256,256,65519,0,17,0,17,0.0002593994140625,33,117,38,122,5,5,1,17,dog,42799d88d562b67864ad214d00139b632037432299dbd436e85d77c17f57df0b,d2320653711e3821,6e0fa2fc6a92884341f88e7f669748b507bc053cf46f53b792cd7723a752c4fd,remove_broken_mask
train,000000030752_6513,256,256,60418,0,5118,0,5118,0.078094482421875,38,117,125,220,87,103,2,5117,dog,1dc5e23f3252dd3683cb0f6e3d18f189297bd5be5099e3a31047bdff7eb4530c,90b0e090b8b830e0,a4beabd30dc544548f29a81c3037270ef537374db4a7e6fc535f1866a0eaaf13,ok
train,000000031865_4082,256,256,49994,15542,0,0,15542,0.237152099609375,29,30,202,194,173,164,1,15542,cat,0b0e74559910679410af5d1b7ad70525e03e673f5a3a083b3a7a8abfb21bd73b,60383e0783839126,4d92bbe4289b098f4d2802f7823640b07ee81647938eb41a89afa53e19e2a08c,ok
train,000000034825_4369,256,256,60277,5259,0,0,5259,0.0802459716796875,45,45,136,134,91,89,2,5258,cat,55492d20a1e2475273f7987b9893fcec24799bb0b1ed191b3d37fd0feb1c900a,5a1c180808150cc9,48531976372f665344dbbee0b008ac3686e3efbf48d119099f332f31de032bf3,ok
train,000000036962_1585,256,256,52246,13290,0,0,13290,0.202789306640625,76,38,231,211,155,173,1,13290,cat,9710751539f87b7b1dc1e7c362568b6d2b7bbb61051d960aebe9d31af0dc4bdd,b8a383894161e1e3,570937daae2b0c056101ba1b76e21e8ee6d3ebea8572b227a46cd7a98243c84c,ok
train,000000037477_5033,256,256,57955,7581,0,0,7581,0.1156768798828125,89,53,210,163,121,110,1,7581,cat,d0148910199e327348c9b6eb9550c0a5b3488a329496f4715507b78eb37ff1d5,5f4647c7c7ce6849,cd8bdd5782c6e04a53ef006f2f58f61a86184a8a282a95cbe4fb849d67e22789,ok
train,000000040466_5639,256,256,59760,0,5776,0,5776,0.088134765625,88,90,157,197,69,107,1,5776,dog,63adef3db983c77e2797f7884b91b3703f5d109c9d66a87f766b114c7cbba06a,6464e41420708800,3bbbd11bce6355d8c287c9481cee57ddbaa981d33e73b8f17eb847765af6702c,ok
train,000000042956_1334,256,256,55551,9985,0,0,9985,0.1523590087890625,56,78,194,189,138,111,1,9985,cat,b1e21751697beb808c54e607287e3693050d865bb2961d5bf593171d615757fd,9090b07071e4c8f0,2863e056c33f5c5af676b4e9922f91ed528111e5494267491f4eceb9af9653d3,ok
train,000000045040_1484,256,256,64090,0,1446,0,1446,0.022064208984375,91,127,186,166,95,39,1,1446,dog,8f7fd365a35f271151a635a9e28f807d8ae6dd2ff8439e7c85e18a6dedddbe61,410307d607078448,1135b8ebb1388986c1569462d6cf22c56dd304c39ea2e834a8cf3079cd328e09,ok
train,000000045587_1711,256,256,64178,0,1358,0,1358,0.020721435546875,169,134,228,173,59,39,1,1358,dog,6f5bb439f8ebe6659763a72cdb038da65e5bdb7ffbc2ecb84b7354c3e68df663,4669310ee33d20bb,b9cb7dbdbff12b92e3d9c71413f7d7d2deb617c39b28bdc5c1fc2112dbf732d1,ok
train,000000045771_4704,256,256,55205,10331,0,0,10331,0.1576385498046875,77,62,202,224,125,162,1,10331,cat,7b196861442a63a3abb17bbbc7845bc4d2c5bb4ad52587612f2724fe947ed673,3254f2f96ce6e6c6,7517c40a65c1adc08a16b219957992cd3f530a15e6abaae88b6d9c6cb8d7503d,ok
train,000000046230_7013,256,256,61774,0,3762,0,3762,0.057403564453125,36,67,147,135,111,68,1,3762,dog,cdc56613e4b9971e9ef702ef650dbcf78826576e812a7e8b4672f00433c7cfe1,769e3d391868f98b,62edc086f30afe83d2a56fd21b1ce28ae7b2624889f3199f905062fb3224fc6f,ok
train,000000049758_3963,256,256,62748,2788,0,0,2788,0.04254150390625,83,157,156,226,73,69,1,2788,cat,f9e21cb6b233e4bc121351a025781b07ead6a7204f77fe98d5a011a7dff7ffa3,86a6a6aeabb3b3a2,9913950368d34d630b38cf86c6168ba3c6552d6670e13af3408517352972f1a9,ok
train,000000052846_6699,256,256,63747,1789,0,0,1789,0.0272979736328125,174,82,215,141,41,59,1,1789,cat,45f035e74e6568ce683a661251f51e1bac3b631ee52abcf0ee40c0caf55164ed,252524b67373f0b0,0558b589a4b9d18bd818f895c86faa7a5b348ca8e298a5cf075a5746d30cc678,ok
train,000000056701_125,256,256,59221,0,6315,0,6315,0.0963592529296875,95,148,233,224,138,76,1,6315,dog,6f251658e35bd5cc4686808142a41febac131b731595198c740813f1c4b746b3,773748cedab8bcf4,19df767bb7b3f394dbee7edd1504c934c4f8468b1e0ba675542373425dccf2d3,ok
train,000000056857_4445,256,256,57326,8210,0,0,8210,0.125274658203125,84,32,213,177,129,145,1,8210,cat,5733caaded53f9d790998fcf4c8a0de17012c93a86bfe20c07725a554da38c42,b888cce6b34b0100,e04b8313a2846c63c7dc24ab399613436ad84c207702121f4bd4e0984bd2bfb9,ok
train,000000064899_2835,256,256,63038,0,2498,0,2498,0.038116455078125,37,125,101,200,64,75,1,2498,dog,42d6516e998f14f09c5302a63b21ae04979317f750e38fca45969d718bec295a,e13331614f2770a1,665691863606cb6ad5e41fc83701e0d021cb3f047358b09b8fe4394b3cbe6c60,ok
train,000000066011_2187,256,256,51197,14339,0,0,14339,0.2187957763671875,47,65,198,233,151,168,1,14339,cat,948e2f090f0d7e17ba5088ce9acfaa9df61d17769c5fe2317223fc2b253cabe2,4e60573639113936,e39564ba1d8388fcb333c3a253aee1aef7d365f2bc26cc05c8ae5d956c8951c8,ok
train,000000066041_3589,256,256,65030,506,0,0,506,0.007720947265625,131,106,166,136,35,30,1,506,cat,7de25b854f8e4d28d811beb3409a8b90d9124f5401ed49a8817590987c4d60cd,0b0b090e0e162002,74347e82a984e2c7b4e89b201f48f2719e8233930c9266516008cac9f1550ae0,ok
train,000000067445_4881,256,256,63349,0,2187,0,2187,0.0333709716796875,196,44,237,121,41,77,1,2187,dog,8e158dfe3d347fcff6581ff430eeb8773ff4b2764d57bc875a3d0b9fe70bfc60,5151537b7c181c1e,81897da024b2f523614077335f0a5320a1575301e81475ff0dbce96cb816cfa4,ok
train,000000069480_3325,256,256,54044,0,11492,0,11492,0.17535400390625,71,87,231,218,160,131,1,11492,dog,83221c83ca21ae62fcd7ac74b0b69ba3e66118e0fa7b188175e035f214e56ce5,5d7b7aba8d9e166f,60e83b9f155998b8361da48621b01c50daad14bb5f733b29aa01e3a16821a36c,ok
train,000000070815_324,256,256,62526,0,3010,0,3010,0.045928955078125,101,87,161,185,60,98,1,3010,dog,20a5fc4e3f69daacfcb983ac232123b27d50dd98bfb5c8f4a228243eadb83878,5911596e6869c080,fcdf3e201439cce46b09362f15e121ebf6b285770c49a77b71d09854c7f90b04,ok
train,000000071313_4743,256,256,60564,0,4972,0,4972,0.07586669921875,98,60,237,186,139,126,1,4972,dog,6a2928f363678a50a7d849c8b6a7e00328f0c940ae43a60793042ac4e9c81294,a62e0a91cdd0d0a6,aa7d0c131983106589748c501354bfe09a59d03707fa0ad1f2c4bbc25a17835a,ok
train,000000072902_3044,256,256,61632,0,3904,0,3904,0.0595703125,60,102,168,179,108,77,1,3904,dog,74015ec6b094fea63580e51c897cd485f747702a39c47df306f378f81d58811c,b097a0688dccbb6d,d159435511d18543bc6e0356ae5b62a07fa5cc427d4782722b20846bd6821ee7,ok
train,000000077325_4727,256,256,57169,0,8367,0,8367,0.1276702880859375,51,72,186,231,135,159,1,8367,dog,b1f48424c003575bb21ccdab6bceab3ec0ed4273567b6bf66cd9f61a18b274ca,40c436391e0eae8d,0e665ce2139ddd83ae83fa5129829790567ec70737b6f17d83f2c440473ed1cd,ok
train,000000086215_209,256,256,61959,3577,0,0,3577,0.0545806884765625,23,89,150,148,127,59,1,3577,cat,3fb3ee9a25dcf4739dac64fe74466b08c1e9aa6475cf10851f6a4d542caa8d85,9892b2ac9860a044,540f7da3c89e712573315dcb4a7646d960913e16f21f73160ff17ba224e2e098,ok
train,000000095050_2721,256,256,53346,0,12190,0,12190,0.186004638671875,33,45,186,203,153,158,1,12190,dog,007b2b595331c33ecc817be7bd17916be16cfc1e23225b9758509027cd53a92e,4836361e0e4e1707,6239a3ba722869a8c973f5877750061cd8cf3c469ec9285e97049a853ff1a7a2,ok
train,000000095363_2465,256,256,54003,0,11533,0,11533,0.1759796142578125,70,29,224,165,154,136,1,11533,dog,3ba18e591f38ae81d248fd0dfc14d4a89f0debe636f850bdbf607247709d1d54,381e170f9f9b998d,c30c0cce0e6dd11996fc0f48f831ed23107f562e773bfeabd825e22e239da119,ok
train,000000097902_3578,256,256,59213,0,6323,0,6323,0.0964813232421875,80,137,222,232,142,95,2,4010,dog,5ff3e7bf25c6fca8f5f391fcfd72fbd23b6c95bded2b661bce0b2bd3c7186d51,6070341555595b5a,66bd5d3dbabbb030bb15653b6d8fbb97c2482e2760f6d50b02bf7d9058e21236,ok
train,000000098503_3189,256,256,58592,0,6944,0,6944,0.10595703125,28,21,138,167,110,146,1,6944,dog,5ac819c7214db827720f1e7b82903ab3c98e1a94dd7a1ff8ccf3791aab968cc7,c19b9b911e9373cc,0c9b3c172f3bb996b07a636d056b84a8140c800904f1a86a20ae912654da5fd6,ok
train,000000103581_7300,256,256,63054,0,2482,0,2482,0.037872314453125,21,116,108,181,87,65,1,2482,dog,36505724996a987fa60c45aaecdd3a99f75f7449162ebfedc01b00385c5aaf3e,b0b032e0a8ad6879,d36c3c445f43f8cfffbe389e97b88c2250c1ff0d96ebf95bfd75c6424dc596da,ok
train,000000103806_56,256,256,60481,5055,0,0,5055,0.0771331787109375,89,82,184,170,95,88,1,5055,cat,82e7fe6dd00f4426f0e07833b6065439d452d5f56f23e065fbd03f2286c1f588,7030244e0c1c2844,de487cb4e6a33ff775764bfb47ea3fcd6a62a54f5d0ba767fa4290aae539275b,ok
train,000000104421_1293,256,256,55797,0,9739,0,9739,0.1486053466796875,60,59,167,214,107,155,1,9739,dog,05ad0cdacbaba23e94ef2caeb8d5dc6550a11a23461477f9723e7ed3cc03e651,c105697270d14d4a,0469b4e06374748fcde4846cad452979dd267de9b43bb597197c989b035d5e5b,ok
train,000000108599_3349,256,256,62729,0,2807,0,2807,0.0428314208984375,89,130,164,201,75,71,1,2807,dog,c501cfb993adb06e8d4c005cdf7db61471aaf040402f018bec5084a9d878a13a,6552ce8ade0e1c1c,30628465ad38b0765bd96c316bce88e7fbf419571373f911b35cda3be202db15,ok
train,000000111195_5637,256,256,59342,0,6194,0,6194,0.094512939453125,96,95,231,181,135,86,1,6194,dog,31618d4818487565a59c290e6167a1a292cfd365820a50ad65e9ffaf852794ed,71f9c8c4cccd2819,68023c221c4cdd4ceaf705fc73b55ef176f35d60845c48f70aa9f09d019eef11,ok
train,000000116048_5625,256,256,59228,0,6308,0,6308,0.09625244140625,68,113,233,227,165,114,1,6308,dog,303e12d69ffae134f2d78344656dcf8bc4c85e09692c299c450b35adb2dfad00,8b80e461938b0f1f,c090bef86dbcc6c6c315a0b7f7af9795f219b2361818e8944137b80eb3d0e2ed,ok
train,000000116503_5471,256,256,58001,7535,0,0,7535,0.1149749755859375,140,56,221,202,81,146,1,7535,cat,6f360bcc5dcea1a5dc7aebe132f84c6b10d00f9cbb397684dde4c91a2a543102,707476741040fc3c,ec460a5ba5bd2c1373e4eda0646fa7ed6a1a63dbf94c263e40ba7b5398045535,ok
train,000000118680_4349,256,256,58194,7342,0,0,7342,0.112030029296875,27,126,134,227,107,101,1,7342,cat,890cbf31d60dad90974b42c4e2043febd7509fc10997b31957f64250d9a23b73,8792088c96e6c781,f2eef3931bcb7b389bb086f0cbef84fc8ab90775dbf520b8738678319b9fef09,ok
train,000000118960_5884,256,256,64678,858,0,0,858,0.013092041015625,148,80,195,116,47,36,1,858,cat,181e942fb82c68eb154639d3f114df9a88305792ed78ed42b5828028331b2aa6,908a0ac99f9f1d0c,f71e0307407a307c3345f286593a8643cfff1580a06aba6e55d93062ec3eb562,ok
train,000000120466_2612,256,256,58237,0,7299,0,7299,0.1113739013671875,41,82,179,197,138,115,1,7299,dog,abb955728390c683bf6032e4f25c807cd55a94adaed37012601c4f392b9ed43c,e4f4c6b63e1c1eff,db0767070cf732960b34f2d56b6df6b85f73b6db718912d3d4de91136ec60067,ok
train,000000121530_5761,256,256,65450,86,0,0,86,0.001312255859375,86,62,175,76,89,14,13,39,cat,46622d75ab3570a4cc391fd972ed9c06e2a2854c013356629877d2ddceff2700,201eae66577e5e1e,8b21f4714dc53799374071d7abf4b0932aba212b49af01878eb47f7c0cafeafb,remove_broken_mask
train,000000122953_85,256,256,53571,11965,0,0,11965,0.1825714111328125,106,47,224,206,118,159,1,11965,cat,9c47b750d1f08c849272c13c32d46e7ddc09bcf2c81ea0eba1c4af982f1b5d9c,2d27c3a727644448,22f55878fd9b9842e3096b6af090ae490c02d5808072f509e9ccd0b808410d7b,ok
train,000000123916_5831,256,256,56444,9092,0,0,9092,0.13873291015625,37,52,133,183,96,131,1,9092,cat,6c574a4da6e97737b2f41f4b8eb6a03575c6a790f4052c2cc3c6f545dacccca4,e4c49f3f373a190c,2b9e9e9caff63b7ca6b57024742490dac5d1ca6f20b6299cc7dde6c8f17a14c5,ok
train,000000138186_7149,256,256,54831,10705,0,0,10705,0.1633453369140625,46,58,216,180,170,122,1,10705,cat,af312e37e88127f4e23415a7538186bb7523ad5fd1dae32fd19d6a1e3ea167e6,35272f0f03170fc7,00afe867b048867e2123768064cc0b5f3e283d59c0c11741b3a7f70cd3a22e5a,ok
train,000000141800_5633,256,256,61257,4279,0,0,4279,0.0652923583984375,76,166,198,217,122,51,1,4279,cat,98b5da5d18e8f1d830a66d47968a9f842dc35e4486fb6ded4017c5f42df67e80,040288829289991a,a8574913c3d9f80ba6816b088878a5243420c21a74f038d48fa059b4a8d621cb,ok
train,000000148827_6207,256,256,63491,2045,0,0,2045,0.0312042236328125,103,150,148,229,45,79,1,2045,cat,22cafaf12d2eb9b2e50d352daa851659baf13a0a033cd82a970e6add0a291d09,3864646ceccfccd8,1587e3087ff325432773dee470bf62f5bf404e3ad93d561b1cb0681ad5d99cc5,ok
train,000000149184_281,256,256,64849,687,0,0,687,0.0104827880859375,169,93,205,120,36,27,1,687,cat,ca20fb34475b5ffa1a3af6fef737bfb0e35f8f3856e995a52e9e6d5d99e3a478,93933326a32727e7,a8910653f9906b7da0aa4ada0d8725c24bfd1ad2fc7fce94e77d4c286da106b3,ok
train,000000149442_7562,256,256,64712,0,824,0,824,0.0125732421875,82,139,119,191,37,52,1,824,dog,b346c22a20ae98d1147ebfdb93b969ae33faae2c56073978bec7cfe00ac70bb5,000485c191d8ecc0,2354a52d662997c802b140150d92f90dc2d46bb65b1544f4fee08d05f5501708,ok
train,000000152588_3243,256,256,56822,0,8714,0,8714,0.132965087890625,101,88,228,237,127,149,1,8714,dog,fba6cda1a522e093e2b7ea10b290c7a3dc784d502c245c2fe2bdfc34e4376cf6,4646e1e9e465693b,dc2d8430c5e3b50ac58d9db2b6d38d11f6b1553e767df41cc63f6bcb9f69eb86,ok
train,000000156506_5493,256,256,61684,3852,0,0,3852,0.05877685546875,101,28,213,80,112,52,1,3852,cat,7b3d6186d6109ab8def39b7be1cebd1bb841b95c676007c6d62b12f41425b83a,e42e6cf0c52b4dbd,3f17d3860059edddadab6cb8320da1c8b64f441ae351c20aed5456d0579e8c74,ok
train,000000159069_6996,256,256,62279,0,3257,0,3257,0.0496978759765625,122,95,178,203,56,108,1,3257,dog,ed69829fc2669253cf93e45385afeb411814b6ff19054abf5081226d33779bb2,0313151e1a9bd5d1,b41693b4ef412f7d02ee23e9c29c9fe589494bdbab086fa57e29866f63ab9204,ok
train,000000168146_1385,256,256,53541,11995,0,0,11995,0.1830291748046875,95,66,227,236,132,170,1,11995,cat,bbc243ddefd849683a9ad06dfcad0e5eba951452599ce9ef9455eaf47ff14f57,9fdf9dba66cf8f0f,941c17ae901648a816d0d918c32f1feac8532e70fc7ad34d192fc8b878dc4641,ok
train,000000168852_6892,256,256,59000,0,6536,0,6536,0.0997314453125,99,108,231,211,132,103,1,6536,dog,009f9af318eba65649e6bd8c34824d6c95f93726b460d0bdd3dc9fe9a227852d,033cfc7009870700,66daf8b47804f1825f6d55d1bc8c8f4201cf6800a5c198b8e1211fee54b24400,ok
train,000000171239_5013,256,256,60408,5128,0,0,5128,0.0782470703125,46,76,170,191,124,115,1,5128,cat,5a8bc463a447a5b22296a2a4d40c1a10586399fe363189d0ff50b04fa9a20560,b432abe7af1acf79,0ef86477b28bfa6818c265cae3884fab904a0c038b30de6aa0f3f1990964eb56,ok
train,000000171753_498,256,256,53320,12216,0,0,12216,0.1864013671875,58,64,222,166,164,102,1,12216,cat,738d29450c8667a435f47a23033cb29bd1d408a675dfd1ded1d54844dbe85137,ec92b9a880e0eb29,35dd8c79453562cd869963db5849b80a92c4a028ebd965879f59c5730b3cfe01,ok
train,000000177258_1143,256,256,60394,5142,0,0,5142,0.078460693359375,160,44,236,174,76,130,1,5142,cat,e7f9b692c40de2daac9b54d26d830f762c22b1d43888a17a98e227b7a72d8ce3,71b8b1339bb89c36,b2df6259a775e462c7141c00ab20a87cdfd12d1acc90aad40678b45c3be21176,ok
train,000000177413_4194,256,256,58140,7396,0,0,7396,0.11285400390625,55,66,188,151,133,85,1,7396,cat,8655290d8144c475f984efee35101f758d2814aeb2ae80e4ab349775b5670974,b8f026234869f1c8,6c3e1ac45f53369487ed5bc1f4bf5a9feefd089f6ea3f6fe5ba31d597d76260e,ok
train,000000180672_4127,256,256,60460,5076,0,0,5076,0.07745361328125,80,62,176,162,96,100,1,5076,cat,998a5548bcf4e03e48d0a843095e552749604482922c0ab2b383c6a681a8dc71,c64686f3333cf0e6,6850ae5e5eb4e20d13bb95eca88acff483320da56818379f645258b87faab9ac,ok
train,000000182758_3388,256,256,59888,5648,0,0,5648,0.086181640625,127,107,223,197,96,90,1,5648,cat,4173fca567992ec59900f07d25ae4d43f9b0958c27648233ab9537bcf26e54b8,3ee7d9f367737d7d,7c69a34532ae415f4e3050607b01bb287135d033ed0840f076e9ec784c22d155,ok
train,000000185004_4662,256,256,65142,0,394,0,394,0.006011962890625,154,142,174,179,20,37,1,394,dog,2febe3e458c0b8df31f02a364ce1310c24e86ea03570caadeac12a1e96967b2e,fbd32f2f25e41a41,fdf61d13cba9a3a0a35b339672a8d3ce02cf883ef6122ef0d9f46e249101cdf3,ok
train,000000185394_6356,256,256,61742,0,3794,0,3794,0.057891845703125,88,114,189,190,101,76,1,3794,dog,93523a7cc0f3471e5d5742971520b922ee7179de6e237a1b0d15a2a36b182770,4b02faff31702a2d,d779f0f57306c8ecc0148e0ca5993e05119f2744664a03853ac7aa5746bf89b5,ok
train,000000189069_4283,256,256,62031,3505,0,0,3505,0.0534820556640625,108,136,215,195,107,59,1,3505,cat,1ef3559c1ce110881ac1ca22553a0622af536d2e7b68664c34c727795677b5e3,fcbefedcf283b19e,e559ec0064ede354f47b7ce40b95278ff08c2cb188a91c0acc972ff5d686daf3,ok
train,000000190326_970,256,256,51630,13906,0,0,13906,0.212188720703125,61,37,237,193,176,156,1,13906,cat,cdc2291aeee94be2229eab2f257f709b6b73f04911cb3865e6e8a3918b7edaee,b85ecff3f4f7030e,abb0f7ad36bbf4a1b365ece642d2ac8b34236380cf51d170bfed060228e8d070,ok
train,000000191193_3979,256,256,62689,0,2847,0,2847,0.0434417724609375,150,48,226,127,76,79,2,2695,dog,a43762af5743183cb10f29faa16eef9d1221d4ccd5adb53afde400be74358cfc,332121232f7e70b1,1c7bb36168cf7e0d8bd423396b3f98fffd28b52aceeadf2292f33a596aca820a,ok
train,000000195449_6211,256,256,56269,0,9267,0,9267,0.1414031982421875,85,41,211,183,126,142,1,9267,dog,f0f89ad5f3dfeb640bed280a54020b977cb9acfdc42ccc9e94d6f69b2db65773,61316921a1e362a3,92293f9e4d124dde00a47e7b5cdd22791f4cb33570253b309813548730101d36,ok
train,000000196371_1614,256,256,62432,3104,0,0,3104,0.04736328125,87,51,166,123,79,72,1,3104,cat,d31df42afc2c6a20a2d1542d62352378004aa85103cacedbc89a15d9b20339c4,af8ff66260c0c080,25dd7270624c1c78b70e85880ea62a013cecc2e2a34a6dcbadaf129615d8290b,ok
train,000000198518_1669,256,256,62192,0,3344,0,3344,0.051025390625,87,109,210,165,123,56,1,3344,dog,64af16e92871c252d49ca19125acc02fa5cb86d3d713c4218ff5ca5d9d911e4b,13f734f07afa7870,c8945f15f7e5313f7b0b6ed8f466a771bb8357b8e5da50ec83bffb8bd8e7fc18,ok
train,000000198836_3389,256,256,52882,12654,0,0,12654,0.193084716796875,53,35,193,177,140,142,1,12654,cat,3ff6d7b978f17d071b6e8e6a624c640cc9581e87453dd280cadbcf7e03b87155,fefefee6f63f018d,9b9a8c25e6ea0467a18843d53e3e32694517ce488db6ef63cdde6eb6ffa8e7c6,ok
train,000000204612_4323,256,256,62716,2820,0,0,2820,0.04302978515625,63,55,156,223,93,168,2,1704,cat,671f0eb48295cbe3353adf92daec5873db24d604709cce363dfd3c0ffea36bed,222accc4c33b379e,2256b325900df5762b2cb7016ddb15388bf88fdc9b7c52606bcfa54a44be377d,ok
train,000000208910_3663,256,256,61252,0,4284,0,4284,0.06536865234375,110,119,210,189,100,70,1,4284,dog,86ddfff4aa17a3e5aafd14ec0057c4807ec4e5cb512553cae2eaacb51eefe486,adadac8c06060ce0,129e9f52dda8ea14e9f5dd2c73d70396bd56e322ff7e51cc4becf1f27b10c1a8,ok
train,000000215618_2686,256,256,62729,0,2807,0,2807,0.0428314208984375,99,35,150,139,51,104,1,2807,dog,00b74f041c8eed737bab074b55c4a591220f6bc37634b855828d4224e9f8820a,e1a2c8cec6cac0c2,d29fcf4553d1c8c9cda923f731d860aefb862b08add247a76d69b35071a7267a,ok
train,000000216665_5491,256,256,62924,2612,0,0,2612,0.03985595703125,152,141,228,228,76,87,1,2612,cat,239bf693d0352f9bd31e05fdb5c53ed99a6bf3522f26bbc5e2430a980fd7cf6c,19332727db790420,a4a11f520aa7ce7f20a8a3d700c3fc09acf178d4e55abeead0a077043f1f30cb,ok
train,000000219194_7547,256,256,59099,6437,0,0,6437,0.0982208251953125,113,85,237,181,124,96,1,6437,cat,334cb2acebf66bad650adba9124dfc18c36d2c24a61ef824e65151aaa8c489cb,f8f2eec7c3e36bfe,0b2ebad270661a46904c382cc4d20872bb1b8b63fee6c34ad73417f13799ec62,ok
train,000000223640_3774,256,256,61331,4205,0,0,4205,0.0641632080078125,22,77,149,225,127,148,2,4193,cat,a716afc7434cc0361c3d669fe8e9e7aa5eb437bb96aaeab239d76a4076e4339e,a099b9e1e1c19191,3fb8bb4c32b8b5ef4bd2ef218312b8b49ccf53eae9830afb62cb6cbc9c621f69,ok
train,000000224567_1722,256,256,63245,0,2291,0,2291,0.0349578857421875,30,116,129,207,99,91,1,2291,dog,ee619b13872f4faf7ec1ea75499c33467390f7970182a679f835af0bc5623023,1b7a4e15579ddf71,5b6375d1e967a23285d18dd0a0ba648418bfebbfd3578a05f0c2f0481dcba98f,ok
train,000000224869_5278,256,256,62278,0,3258,0,3258,0.049713134765625,79,112,153,222,74,110,1,3258,dog,affaf7f6afd33f88456e8d34a8ce1114fee4f9e63f451da6dad4a6ce9dfe59b4,cecece4e4e565e46,5170c58a5cb3d7317a3053add0d20ee00c6579be9ab0189aa9b966e523f78d3f,ok
train,000000229419_3328,256,256,61613,0,3923,0,3923,0.0598602294921875,110,59,221,107,111,48,1,3923,dog,9eed8f2e7ba6a38cde578acc10a4a08562d95a31a8b978b4be67125db889c9f5,24a5a3e718d1612c,258fec2acec6e0e4e8882a96798ce54c0e4a5fca071fa092587c57cbe1842482,ok
train,000000229631_480,256,256,48413,17123,0,0,17123,0.2612762451171875,37,65,202,235,165,170,1,17123,cat,ba39a257eae7470a8bb483c443ad1bc67b4c8533c523d35d532c4e3649b2fd81,08383272f04c1e08,04ed324f08dfc621080330f16416332dd4f5395185a1ce8ca8433607da00ee38,ok
train,000000230224_7333,256,256,59457,6079,0,0,6079,0.0927581787109375,34,122,190,210,156,88,1,6079,cat,1c375ef80f04b8b636273075dbfbe47d1299cb01ffec6a7b483727900404e1e1,d923468c3870e5c7,a01bdae46206ea5ce66293d0c1d06c10c014a761ea4c8dbaa4cc6449e8dfbff4,ok
train,000000234475_3677,256,256,52728,12808,0,0,12808,0.1954345703125,81,56,204,228,123,172,1,12808,cat,a3c53be1586187b7fd88ab299a2f1dc3c030ffd9ea5e8d729c783b14b595e5bd,7c7ec6c61e1c1b19,2d674f050ba4ca6340523ed474afdfb6f1dd3dc16e2057bb4ab9539bf4068c68,ok
train,000000240755_2689,256,256,51339,14197,0,0,14197,0.2166290283203125,43,34,216,203,173,169,1,14197,cat,e7034e9382cf0bf387f6064ebb3e80fec8d9e23880b1b05cc24ff9d1ba17a514,30c8e273f0f0e0d0,2de7406f30508aceb7ca5287a676968e5bae6c8e0bb2ad35973d3daa692f2deb,ok
train,000000246879_5659,256,256,64160,0,1376,0,1376,0.02099609375,79,101,142,146,63,45,3,1372,dog,656196fce1a53c0c2b7745b51d7fe11e609f0d4d16f4e438c82607a9f67fd48d,00000006878c0104,dbcda66cc88e1d21069526e42d512f27b30f25f1ddc0cea65035e38db25e87e0,ok
train,000000247301_4455,256,256,65335,201,0,0,201,0.0030670166015625,28,79,144,207,116,128,8,70,cat,b2b646891554fdfccef908d2a75cfd941155740da27c684c63b1c7fa62d45fbd,21210b0713332901,99996dd24bda7b28f6f2c0040664646653734c7347120afae9fc11ea490d1538,remove_broken_mask
train,000000249952_401,256,256,54779,10757,0,0,10757,0.1641387939453125,131,63,232,224,101,161,1,10757,cat,0b55a0db77342da1c0cac05b7a323cc9b3820dd39c75eee76dff3e97a8dcc18e,2e41c00c04868420,fb4faa2cc2226a5a78ae3381858f898b866cbd6e0b7d92981e6bac4337e4ba4f,ok
train,000000254540_1122,256,256,64516,1020,0,0,1020,0.01556396484375,161,125,214,172,53,47,1,1020,cat,be2a6a84ca3b765305bafe0a2fd8b9f23975a3402c04379f02f3b72aa507ee0f,a0801b1b02c2ecfa,7f16f370020b438ee254953b6b3be3467ea6ad215eb58e157a7ade9d9e5e0a03,ok
train,000000258305_3996,256,256,61039,4497,0,0,4497,0.0686187744140625,107,110,196,232,89,122,1,4497,cat,5fabea04c2618715773c972c24af9eba9f64dc827bebd9cf1e2d4e393b052b31,181818303434b474,c59a5a90352d02648841225475708829a721f471895a9139870da7d85213051c,ok
train,000000264476_4135,256,256,52386,13150,0,0,13150,0.200653076171875,57,109,231,235,174,126,1,13150,cat,aa7355e26edbd6514eeaf7f07bd311f566819e3357f0bc2f94b7b5b00457d4cf,44180a323088c1f0,b4a811b0a01ce8f3329e6e9b9e554537b26f401b11d6aef7cbb51ef8b0e77111,ok
train,000000268037_3690,256,256,59470,0,6066,0,6066,0.092559814453125,63,72,149,196,86,124,2,6065,dog,2341aad4eaab24aac93772c5525c285669adc6f3d068b86fcd0da2676d20baff,d9059a8e8e4eaae3,76266e3263503497c89a9ef79c32c11126a2e1adcc31d755debe714eb6acbbb1,ok
train,000000275028_3168,256,256,64652,884,0,0,884,0.01348876953125,79,76,132,102,53,26,1,884,cat,7850e640795cca682406319f8642b8ade9b40d31bd3746301c83199580e87b43,018567eec782898e,6fb38dc4662c1e66ff8adb2069e95af271928f44ac6425d08177b697871e4dfd,ok
train,000000275919_4499,256,256,65420,116,0,0,116,0.00177001953125,145,48,204,100,59,52,3,111,cat,582895bfb035a5946cac9d40aad30d4408114b3a071c37114aaaf9e8af734487,e371544e6f3cfff6,5aeb429aabd069a8b2513555e2457c8d08f2f27b49e110526db695be7369c892,remove_broken_mask
train,000000276693_104,256,256,61235,0,4301,0,4301,0.0656280517578125,21,112,87,225,66,113,1,4301,dog,8d2f048725a8f0002abeac800fe3700ea62078a0cecc2dc5f15d08afa5329226,313972616d6b6366,3dc6f4217b982bcd2d51095739a95d5c660d9438545de52c5992dc4348f898d3,ok
train,000000277688_5570,256,256,63139,0,2397,0,2397,0.0365753173828125,122,128,184,203,62,75,1,2397,dog,c174eda4cff1b492d88f7472f27ffef1ea00a9428ee081e453d56ab2dc8ade39,a76ccccecf8c1d7b,c6b9f0f743193d3164735e81c3b6a50957933e840d221d979ce01aa8616d2b22,ok
train,000000285257_4973,256,256,58497,7039,0,0,7039,0.1074066162109375,69,35,169,146,100,111,3,7035,cat,ac0c0c5c06d32044b967c98e91e45004effe994c9d96f63f747a09912324a2ec,82828e1602465650,c45ecc608483a1c065e06f1731af0e60a17753fc0ef07d73a5593ce8991190ab,ok
train,000000285699_2690,256,256,64124,1412,0,0,1412,0.02154541015625,189,62,224,121,35,59,1,1412,cat,51cfd96cdcefd3894c2a07fc897ac46a1e932630ce295900cfc232a7993cc42a,7118ad09d292d7ed,694e5809ad71ccf050cd4d859d5408afa339bd4b60bc2c5c07a7cda4e2bad7a4,ok
train,000000287341_6222,256,256,53994,0,11542,0,11542,0.176116943359375,70,69,228,195,158,126,1,11542,dog,0551d9ffed651b7f2eac2da79054a358d0da466fb3116fa3bc620465eec07d64,ef9dbbce775e8e80,bbb99c176323f37f52050e0c4c27fedc6916ea39197f20b5185e73001b52ca2e,ok
train,000000288776_84,256,256,60362,5174,0,0,5174,0.078948974609375,107,153,206,231,99,78,1,5174,cat,2381205077ce8435666a79c91a83d8693ba2168204fa9fd7efc908d9e3e0365a,3c2c1c2878391b0a,5699a78ce868e9a730aa0fe14bd5eaec23ddf186cf01e5f00ac85ad137553b08,ok
train,000000289696_5375,256,256,57394,8142,0,0,8142,0.124237060546875,121,49,234,219,113,170,1,8142,cat,3c859cfe1132c5d5155962eb6f35b0778aa68be073c0545017963d37f2ba203e,2323170d46222327,86025176be3dae7a2212b9d7ce466748bad3b322cb648f5995f59085a02b0f96,ok
train,000000294108_2480,256,256,59473,6063,0,0,6063,0.0925140380859375,91,99,175,222,84,123,1,6063,cat,34773a77984fd7a51f00cd31bbdf6c36c94868407a00a7c7d9e89418bb860cc7,800030c66373c624,019fc9529ea14ba51a68b22d70dc20ba63111e87599b6d5bb4e4f14885cf1ca5,ok
train,000000296782_6379,256,256,63839,0,1697,0,1697,0.0258941650390625,25,95,73,175,48,80,1,1697,dog,4da219fe917b48a9dddbefd5c10f20bc75a69bfb3e6b3e9a38de8798e5156330,398b826048281018,f7c237f57f75bc42c325ce2465211b90ecab3bb117df1e96362ec1063eb9fb79,ok
train,000000301885_3179,256,256,64841,0,695,0,695,0.0106048583984375,64,91,106,127,42,36,1,695,dog,487ea3626a7c585d6af1623fa0d36d95d4f7cbc7f5c58b150d26391a4de870d3,b944406060587071,77a1cfbbd34bcb72736517fdfc310cf74660f2bb15daeedb14b0bf5ba6f46470,ok
train,000000303706_1261,256,256,61258,4278,0,0,4278,0.065277099609375,67,166,178,236,111,70,2,4277,cat,327f59afda61cf33f0da36f076fe81333a92ce1fa451ed1aa0624a2d7932f27b,f9e1c1f083475363,35d10829d3d26b92783f12af12395ee405bc4f8b4d30ed3adba48ede84cb9ff8,ok
train,000000305100_2860,256,256,64639,0,897,0,897,0.0136871337890625,122,184,160,236,38,52,1,897,dog,f569eb9bfbda66364409e214e021feb26f340f82db318dbfb4ab0fa99b572ab0,20210a0405331a49,525c911f3496b480628fefcdca1ff9daed75d887baf5196d7979540df8d1b6d2,ok
train,000000307073_1489,256,256,64167,0,1369,0,1369,0.0208892822265625,66,70,117,145,51,75,3,1340,dog,5d336e024fa476c956e98a299b29eadbad3ff0a0c49fbcb900455063b4383774,acac5e5e7cfce4b5,725d5110321d9c71f8628ce4494581784164b962e5a51ac47f8bf07099ce956e,ok
train,000000308687_3712,256,256,62700,2836,0,0,2836,0.04327392578125,64,50,173,107,109,57,7,997,cat,6585c4ed3ab7898b26c0cc5383fa0112e33ab48c46f380c4c6bdb22409e1d389,44630f1d592770f2,1dd4c16e6ef8181e627273211978f3f397621e43c3d3b87657a8293363776c74,ok
train,000000310262_1601,256,256,63688,0,1848,0,1848,0.0281982421875,166,67,208,173,42,106,3,1845,dog,93f67d110f53667c910d74eb53e7e88cfbe5802ab7164c74799eee8dba1a2af3,f878f2e3fbf3b4fc,05ccf318a2a2e8d8e79329bbdf795bbe318a3ea9dcbd75eff006a0e0a58a1585,ok
train,000000312712_4537,256,256,48551,0,16985,0,16985,0.2591705322265625,62,50,209,203,147,153,1,16985,dog,f888d97e80f3561b7458951e749b268fbedf8e9b223ab5cc73a3e9617873e6f3,87f3f1b0742faf5e,15a6e3a723bc9f7a464e6361125d15e16feae840123758d80d66b70752213ca1,ok
train,000000317781_4461,256,256,49597,0,15939,0,15939,0.2432098388671875,36,78,209,216,173,138,1,15939,dog,3028c6c401edbbfa83bf9ed7d286911110980a4e0c8e1d8375bf431ae777d34a,d12bcdf1bbb99181,b111b0b3dea32a510d85aaab1544398fc146e2f1f6d81a4dad7afa1d755698df,ok
train,000000320350_103,256,256,61677,0,3859,0,3859,0.0588836669921875,102,154,166,233,64,79,1,3859,dog,eafc6936d9a23421554ec79c249bd3d62da8808cab56a0aa2abe41d5db31625c,99a8331313133616,944e682cfb9f931a35e2124de845ff540a20616c1e86e7cacbc42bf6800ff1b8,ok
train,000000323133_3236,256,256,63824,1712,0,0,1712,0.026123046875,23,61,90,106,67,45,1,1712,cat,a47c21708e829dec5a169a3f26e07f24a097161519fe7cea11814c4cb060fcad,9d3d383617265677,eacfce4a1c7d94f13ff8c3546f6f48283000373915ecd0ed57ce32af4fa4fce3,ok
train,000000323466_5790,256,256,48900,0,16636,0,16636,0.25384521484375,60,76,231,212,171,136,1,16636,dog,d6f7ece69b4bc6abfa5e072b8567ae3dd8e807aba375f1484aee1e3787d6c165,e7eff2d2ededadbf,4ae15faddd8ae29815c8339f69bd500a560488f7da428c15e85a47c1ce7f6874,ok
train,000000325298_2603,256,256,57880,7656,0,0,7656,0.1168212890625,77,39,183,133,106,94,1,7656,cat,19e3657a2d9827a827698a19ef659fe89cc4015fbbddc6b3b64831b4be4daf6d,4f29b17168581939,c680197fbe8c60d7c5972ea5b5657e8a456f7426a53d7dbc9f012676b95425e7,ok
train,000000325768_1316,256,256,63251,2285,0,0,2285,0.0348663330078125,146,126,203,194,57,68,1,2285,cat,afa3f44503cf816911aa049c0df7539bdd2abbc4f9705c0cf56d91d7de1246d0,09694c4d3cf5c6ed,977222db0027807263d6a96099fbff655cb816a6d2ffb504917601c49dea37aa,ok
train,000000326073_4335,256,256,60974,4562,0,0,4562,0.069610595703125,38,86,134,165,96,79,1,4562,cat,a8f45593748d57d4b26bb320c49812c4927300ddd5a790ae473de0409cd6cd0c,685462361c696870,90c860bc0e819ae0c5f9f193ab130136424fd0b30163ddc595e81a389a8e0937,ok
train,000000328760_6588,256,256,57818,0,7718,0,7718,0.117767333984375,84,46,214,170,130,124,2,7717,dog,52acb271181662276a25cd24f8bf5d42cb33b39dbb7a48a08e2b804216a8949d,c45cb3bbcba12b2b,f73c5e24dbd0c7efe5ee0c8f870afcfa7b5e86549cbea0b82e3ab371c1b2a51f,ok
train,000000332025_182,256,256,62669,0,2867,0,2867,0.0437469482421875,67,49,129,149,62,100,3,2864,dog,9ccebb1bfcf1a0181d3ea213971dc780eb8a9143febd0863fa91aeefdf4d0dc3,24189890180000c0,ca3046d8bd2c2d484ec62692cde0d8730e5d0442d57fe84f2a6a6be9eaf62184,ok
train,000000332568_7319,256,256,57832,0,7704,0,7704,0.1175537109375,60,121,202,227,142,106,1,7704,dog,9578ae343a88c8cf54bd09fb1060fb177709d3d3ccb3c5e96a26cb2af48ccb2f,7a5b5b7b6f775799,f60f550a4731e2cbc2ac339c4a04759efe7ab3a7976f9e912dc6294025fa25e9,ok
train,000000332844_1987,256,256,60775,0,4761,0,4761,0.0726470947265625,95,59,202,153,107,94,2,4734,dog,07c4f10a9e7a2cf70d2e884df2022131654f832b1e9e5373df1fdd1dcba5ee96,80a0ace793038284,6b87b66223e948bf16c4144329623e90686639616331f271efb16ba0d3bf470b,ok
train,000000334413_6888,256,256,59872,0,5664,0,5664,0.08642578125,42,71,192,163,150,92,1,5664,dog,62effa09cf144e4d3145e5dd081988cc0c2797f11c24915e649d722a3b451109,8970b2e7e4e64238,a4a01683a8e81cdc590418c385cbb6e154ee597bcc0961332ac7592a06b1849e,ok
train,000000335633_5425,256,256,60887,4649,0,0,4649,0.0709381103515625,34,87,171,211,137,124,2,2756,cat,1dbae059c24e1963cce4d88311c734e0174ac477ef94adb48240540077995358,18989404c0d9e747,0314e57abe99878c1a854f954db6996137b6ac9bd7e5d7bed0e7ddf68f157122,ok
train,000000336568_167,256,256,58945,0,6591,0,6591,0.1005706787109375,50,98,205,190,155,92,1,6591,dog,f3eb7810c685bbb6684295e3855fe38fb51ef268c5c8abd5c475f1e1784ce395,64ccf8939f0acc04,b06013e08013f2126c425a6706b797b4c1322f3127a20ddcc6dca9c77061e75a,ok
train,000000337044_1562,256,256,61564,0,3972,0,3972,0.06060791015625,77,93,187,190,110,97,2,3971,dog,22e0a7d75848fe63fbf2a25ffb954810190f69c00c4e132ccf5181c417fd2937,25a7899a8b87339a,6c012396338008532852269dd609a445fa3b467506e99d1bac2bf8b5502bbbc9,ok
train,000000352399_7349,256,256,62689,2847,0,0,2847,0.0434417724609375,61,102,167,162,106,60,1,2847,cat,fe56ffc14f1e5d7859e1919d6349e0c42a63718830edb452d5ff1ab0d1d8a307,92b1b187a56fe703,f9d9110dac7e2e06359047eb3de33ffa7d6c70d0da7d50cb22e17d3ae0189f20,ok
train,000000357470_5259,256,256,56103,9433,0,0,9433,0.1439361572265625,46,37,140,201,94,164,1,9433,cat,b1356e67ada2433f53b40b4be6168f58a469aab991304c600f12181fb8eda3ee,0020302020081a0e,8c6c276a9a7c767c127febe6008389505edb38bab7a111cbca4c0988dc849dfe,ok
train,000000358222_4657,256,256,60056,0,5480,0,5480,0.0836181640625,91,68,181,160,90,92,1,5480,dog,fb0b2ee0b5b1b48bdebf80bc5cd2a95b7aca7078c05b08506772e7f5a4475087,e6e6f6b2f606191b,0f6522510e9ab66454b390daa03bdfca8f2efbe313668c19c1595bb7c0ce5aeb,ok
train,000000368371_5813,256,256,52546,12990,0,0,12990,0.198211669921875,63,94,229,235,166,141,1,12990,cat,4286873130400eb15633e7efd4466d967a333d807a633d1677897567e4546f30,f8f8fcc18b9bd3cf,3aa0d46c3d6121ab2268205fab82fad1089703b960a42e5bbd91fb7df710eb56,ok
train,000000369817_2258,256,256,53942,11594,0,0,11594,0.176910400390625,50,59,176,226,126,167,2,11593,cat,24a26ef9b081289e215684795523b32c385d8202e664ab4a47d5ff60680079ef,276727afab8f8dc8,96c15456caf8651cbd5eb5d4045f0be2e34bc25f782a2c23263fda53561867ea,ok
train,000000372709_3956,256,256,56872,8664,0,0,8664,0.1322021484375,51,23,187,141,136,118,2,8623,cat,c6e6976f15e1b7923226c938feacc6b16b11461d98d46115784ee9767919bc38,66ae8c0c19331302,4ce138ba8794d76d89caa2166b5ad09fb46b783440e139d1f6f16dd04504d757,ok
train,000000372902_7334,256,256,62160,3376,0,0,3376,0.051513671875,48,47,147,95,99,48,1,3376,cat,33d8ed098c17da62efbcba006ca9d153426289c7ef4fe64677f0638fe06d1766,0707670d0b1f0d89,8ce83735c949160da6e0523d87ab961bb80ed91ec880993188a502971d23c3c1,ok
train,000000382737_1146,256,256,49432,16104,0,0,16104,0.2457275390625,43,54,211,209,168,155,1,16104,cat,dd443dfd8748eb9dff77bb8455990d2477a07fdee1a4b92aff85129cf476c925,3c2c2c9c5ce83708,2c1091cc5b3cade9f9d4f506a2b85d49bcd4d9681978adc5160ec44cd3e40268,ok
train,000000384308_235,256,256,64029,1507,0,0,1507,0.0229949951171875,48,80,102,134,54,54,2,1506,cat,5e6727741adc2a5963974493a96b54d646a0fb803b32cb73b38ffbe97c5b1f08,9040293030c04080,c441b3139a9e1d1f507d5bd6dcf12be495a082bef1108a77aafbbe7a1f50335b,ok
train,000000389382_4124,256,256,62506,3030,0,0,3030,0.046234130859375,169,114,230,198,61,84,1,3030,cat,4e533b741f6510fdd5e9485ff1a19be86eefed414e3ff7a208e9c41aca7ec5bb,8084c4c3c3c1c9c2,98a8ccbda6a9e8c9d98cc895a0b57da9929223e720e738b47cd9f48def8fb93f,ok
train,000000390262_3700,256,256,57029,0,8507,0,8507,0.1298065185546875,63,82,227,173,164,91,2,8506,dog,b0c62fb8d6f6f9d8bc13777be41641c918d144e58034cae262c193690ca543d6,2f85874178390040,006b126dbe43581155eae3c62eea571acdccba64f708f61aa30b82009776b40b,ok
train,000000397842_657,256,256,58453,0,7083,0,7083,0.1080780029296875,124,128,224,222,100,94,1,7083,dog,352f04f260f0fc08d9c7501d441af4c72f030d796e44012ade4673e17a2821d0,3c343af8e3e7e6d8,6d233ab91a7a886275f7ef1073603f712cfd25cfe960c33f42910c9a7398fe5e,ok
train,000000400134_3371,256,256,64092,0,1444,0,1444,0.02203369140625,181,141,219,211,38,70,2,1443,dog,de5c54c9350625203721e46161ffa1eca43d76ccbd1cbd616710cb676477fbe5,ececececcdcdfddd,afaf8b802491010ae44955ad19fa55ef98f5e89016dca61d4cbdc00f0916034d,ok
train,000000401299_5095,256,256,64486,0,1050,0,1050,0.016021728515625,183,83,218,139,35,56,1,1050,dog,f80fd22262a347b3f166233db2bdaa3466ef4c96a421aac29ea008ffa720a534,c3442424647cd898,147644cd3b14bc73381bff11b6567899b8a915bca9a0901e60cb8fff541dfb87,ok
train,000000402626_2245,256,256,63571,0,1965,0,1965,0.0299835205078125,95,134,180,177,85,43,1,1965,dog,682a6247249971af88da12c53071582e5eabdf7142611f2aafc41ea38cd30567,caca30aa24c6d311,98979fb023f6e4c2e77b275100905262b7140ad263e3d17b9a2d4524c9365eec,ok
train,000000404163_7058,256,256,54936,0,10600,0,10600,0.1617431640625,102,55,204,229,102,174,1,10600,dog,06997a691c7fa35c71a85bc61dbe98ff882860e4e5f75620b067bdc1597ac66f,65d29999d9999c54,73318d88a8287557c5b9ae25909693998e9fd3a7f86c66a97bfcf2fd031d630f,ok
train,000000410056_600,256,256,64248,0,1288,0,1288,0.0196533203125,38,142,110,188,72,46,2,1209,dog,9e0217aeae1da2d1ce3218ffc2e0d5056f1740340f70878746fffea13f236f9a,30353e2434383434,84f136ac1723596cf5f53f2e06dd5d7b434e60cd7c953dddfddc63d0370f30bb,ok
train,000000414588_4257,256,256,58086,7450,0,0,7450,0.113677978515625,30,42,203,177,173,135,4,6600,cat,a60caa2d69e39eab25dfdf14ec81fa852701220ff632b984b8c55e5ce06bea8c,094d08072262376d,b6241140617418d821bb6537f3b10313a2302eb9c9f89622111bcdad0a5e5555,ok
train,000000419618_7033,256,256,63427,2109,0,0,2109,0.0321807861328125,22,75,161,220,139,145,6,1165,cat,57c29794877167f4e751afaee8974c365aa275d16853ba4adf970d9dd7b119b3,cd64323e1f3f3f3c,0b8ce58ce2f7ddb485bb7ff8f52722e0f6e55f65c6ef411e4ea4b094fe0903a3,ok
train,000000423513_1954,256,256,59166,6370,0,0,6370,0.097198486328125,73,46,194,154,121,108,1,6370,cat,c3383b01e8f1cbc57306e4e3b115e940db2dfa8b0810937d049145d1dc14b1f2,3478191998840288,7627a1509edfe3d74748635d3b79cd05eb0ff4fb73ee3d2cf7aaf0da10967483,ok
train,000000427986_116,256,256,57359,0,8177,0,8177,0.1247711181640625,136,77,231,230,95,153,1,8177,dog,9b88e9cfe34b30bf8aa3f0a0d0529075f547e504bbf7c91894a3eadd87b9626a,6c6476024383b6fc,2f0cb4a5c2a2544494d70e5e2cf84ffa20cb9b043e13cba8d07db19fe8d11a85,ok
train,000000428746_3914,256,256,62697,0,2839,0,2839,0.0433197021484375,114,126,205,193,91,67,1,2839,dog,880dcb5806804763a3a9aee31e06e657043635b86aef9f7601628993c4dd7f1f,eff7afefc7c77766,f985c9c5a8f14d1bd6aceee925668f15b09acd122be6748c74e1f0f3972c13a7,ok
train,000000435698_3318,256,256,58873,6663,0,0,6663,0.1016693115234375,109,44,228,218,119,174,1,6663,cat,96767bb3f9114c1846a16323941db62ed97d0117c85e146641c9ecf610d911e1,14060e0e46cbc9b9,c8c58f46212d1968220859273781394d2a9f85e30a3f494174b82e0beb1e38ec,ok
train,000000440067_1700,256,256,50245,15291,0,0,15291,0.2333221435546875,42,21,170,196,128,175,1,15291,cat,cf1d42fb770a99ba2cae353fcce2a246be321302371317bfa96d14f85fd3660e,355119e7e1c30d20,32f569fd6b1ceda9a88ae80c1e20df0b11988b714be460bac5e42239c4173ea6,ok
train,000000445859_2851,256,256,57139,0,8397,0,8397,0.1281280517578125,54,88,203,216,149,128,1,8397,dog,e7e7d8ae15bbf128a70603293fe5479f4e34a6227b29c089508ab00903aee573,2587f968d4d29da1,0d55fad67c73277e9a2f5bf67bba8578bd2e32dbb7bfa2c74600ce4f87d0d09b,ok
train,000000447375_2795,256,256,62650,0,2886,0,2886,0.044036865234375,55,49,143,138,88,89,2,2885,dog,21e762cb2362a111167f7f4af284c0122eeed0c02fff451531698dc68b5ea5a3,b4c8181a9c0978c5,1fc52b706e134906e5d49fbeb37414f77b87d165992bff81c10365a7f7c40b7e,ok
train,000000449560_1234,256,256,54455,0,11081,0,11081,0.1690826416015625,130,35,230,192,100,157,1,11081,dog,b8296b8d89cc8a22b309dd3b54e6821dcd97b6e9b09eb1978e2199e73e0437ad,818c282a02032703,eedb3993e545eff57f122993c4851d1a4a6d115de1fab5c06bda4bb3d8378bae,ok
train,000000450160_4333,256,256,60241,0,5295,0,5295,0.0807952880859375,28,39,159,137,131,98,1,5295,dog,1bc5e1c66cada4235af848ff615aacfd792c5f8c9b6eebc83fc052b49ea2e3e1,e3722bac34d3d968,d3d6925d0ae86b4f0a37c1cc0c10d5bb26c78c9ca705c75c86f7748c5f17b170,ok
train,000000456176_3332,256,256,60489,0,5047,0,5047,0.0770111083984375,169,62,236,196,67,134,1,5047,dog,ebd239d51bb2bd54e316f79f5a92aec82cb3527d31832f0244a031a2dd32d3c9,2424c6c47de1a001,20888a24828e7bcd536c8a7b18280bf45ff0a6b472ac6f492d76e1d70f43b42f,ok
train,000000459111_4259,256,256,60660,0,4876,0,4876,0.07440185546875,100,94,182,204,82,110,2,4875,dog,641b462e9a3cdea5b8394c6fdee2c6801b1d29aaeee1cb547789088234cf7347,a5a468f0e4f0e0c2,22ff378d692ab64247e5279de29d5217bbf606de5f487a5b0f60302a9a4ab6a5,ok
train,000000467978_731,256,256,57239,0,8297,0,8297,0.1266021728515625,59,146,236,234,177,88,1,8297,dog,cbb8904fac31de14d3f5674b52b019617c77cc9c97937d1035b3758d000e2687,84a35b5b72f33387,132f6ee7a32a3646dcabe95fea3e6e26702c28347880c8d01505a03396e49686,ok
train,000000468162_273,256,256,63463,0,2073,0,2073,0.0316314697265625,172,50,236,117,64,67,1,2073,dog,2e3d09f7b12d9d1860be2278c3e3945b5dc88587f096337f709dccbce7387511,984c41058647c7ef,43cff216964429a0e3589122e1f202dec0a6a1803ddc2c22b49a58f01b716c7e,ok
train,000000468742_7558,256,256,60304,5232,0,0,5232,0.079833984375,87,157,225,237,138,80,1,5232,cat,d894bef611efc5ddb6bec49dd9a4ee0632103c7bbd9b2f690ef9fdc0918964a4,2b5b3fc1482ded4f,a97b508782b1a2f88b1f4e0ca74803e66b7d287e9f77eba468c84961fa050b74,ok
train,000000474434_3544,256,256,55525,10011,0,0,10011,0.1527557373046875,53,33,211,159,158,126,4,6303,cat,a10eb07c1655b1dcff247cf3f548f318866593f3e20aece96f2c7e8d225e3248,fff766263648b0b0,d4938944cfb31a7024984b0f3c19817ce1222bd2adafec53732ebefe0cc0f377,ok
train,000000475317_6323,256,256,57570,7966,0,0,7966,0.121551513671875,67,37,157,189,90,152,1,7966,cat,51019ca179363432ce754db2e839ed1077def82dfd0e5cd9e8edb2d73cd678cc,989e9501a70f5c70,de27ddfab474774b62a52432b31a215087bec60ad0c97cfbcf958e5b2511d73d,ok
train,000000476468_3727,256,256,61659,0,3877,0,3877,0.0591583251953125,92,29,161,191,69,162,3,3432,dog,5cdff8caea3a4bfd6d28e39ac3782b85efbd48389ea9c12886164f50129b220d,1e7561e9d991383c,b2151cf475d0aa56c649cdd2422f93ef5b1fae610257868db6d8d47f659bc1df,ok
train,000000477647_5556,256,256,60124,5412,0,0,5412,0.08258056640625,42,108,186,226,144,118,1,5412,cat,5dfa8c064b4ff1fe51ce78ebd25b8a1e1d5dfec933f9e897348962c54cb5bbfb,63e2e1e6e48c3278,9e78862da11eef94629e3fb23e25774118b98c740898021adabca8cb4a025315,ok
train,000000478351_2868,256,256,60926,0,4610,0,4610,0.070343017578125,109,82,207,218,98,136,1,4610,dog,a4654c00b1992c40ff19940b63e80c4278c6540a870ff96e4dbe6b1ac6a24b84,c4409c8b280c06af,162c022ef7ce573e30bae98168e21f44d71a04608fbd3fc9e55c9ba15016ccdd,ok
train,000000479621_2960,256,256,62980,0,2556,0,2556,0.03900146484375,125,78,185,141,60,63,1,2556,dog,ccc2c16e88df997d593fdc6850bfaec737820be40c43edfa0aab8568bdb022a7,461697b6071b0b06,9de294c74daecb60c47b1ac71f272bcdb509ad635cdac2625f3664554b756174,ok
train,000000481101_7500,256,256,56041,0,9495,0,9495,0.1448822021484375,42,35,196,168,154,133,1,9495,dog,7148af719d024914f7f25e40ed68407689b5304914365ed7efd8b0ee04b74588,42aa8ec648494c19,8279fa86f1826e523d26931e426dbb9850643d4df162445807058800219951d7,ok
train,000000481212_908,256,256,60905,4631,0,0,4631,0.0706634521484375,128,122,216,233,88,111,1,4631,cat,856d000cd6059949af817e4d3b817eb076e89e97205bb9f8191a93c49e52f275,7e9b999dcac3c637,862ca68f7095b44b55ff374d9c3aa84e94948e55de5df9ae160a2913af56ae73,merge_duplicate
train,000000481212_908_1,256,256,56952,0,8584,0,8584,0.1309814453125,75,43,230,154,155,111,2,8581,dog,856d000cd6059949af817e4d3b817eb076e89e97205bb9f8191a93c49e52f275,7e9b999dcac3c637,43a9e62167186e1418ec7a0869ee4dd39bdd0cd0e21038543b5a9b5461e04605,merge_duplicate
train,000000486777_3821,256,256,59429,6107,0,0,6107,0.0931854248046875,104,30,215,176,111,146,1,6107,cat,ffa98da0c4133f5dad7d9bf286919975a10030e7edb754ca3e24673f01fa3745,a4f43030987878fc,34556a873ac5d3cfe41c69a26029fc53fe5a75910077d92af16f0ed36c8716ee,ok
train,000000487851_5050,256,256,61921,3615,0,0,3615,0.0551605224609375,131,155,226,212,95,57,1,3615,cat,83a3279853713a63ca1ffbdd91efddd25c453dbedcfc07a653e38052774a3b83,1c1e1b3918130713,3c787b89f1c69cef1e6af0cdd582851da31f04d153404a939e102eed0e1bf395,ok
train,000000492683_2281,256,256,62540,0,2996,0,2996,0.04571533203125,141,113,214,182,73,69,1,2996,dog,23cacf46ccb211303a1da18c0ca18907e6a6b841321f26199369f0eac77bb5b5,60072008091d3bff,0b7043a75a3e240f67685866c6e298e2854f1b50726cbd904b299b96c368fe8e,ok
train,000000494678_5439,256,256,58568,0,6968,0,6968,0.1063232421875,59,81,217,222,158,141,1,6968,dog,1807be0fc440e8ab5dcba9e227c1297fbe14ab87912a2069092602e41358242f,04912439882d0d33,b2f736efbca5b8c807f94611684ba1391ae1242166d8ee69ee6079dd5d4aa9ab,ok
train,000000495637_6216,256,256,54597,0,10939,0,10939,0.1669158935546875,36,73,183,200,147,127,1,10939,dog,5051255535a35b220ef0602a5175a271402b3d846f491710dcdfc0b7d1d73e7d,30503c1e0e18ff0f,5229316683b229b57644fe4c57d375fa0118b9fd436eee089a8523d8de22b87b,ok
train,000000496657_3062,256,256,64858,678,0,0,678,0.010345458984375,132,78,157,114,25,36,1,678,cat,67f117a984f49da516238f347f081b15aca93ff4f4bee5d23420ce680e60d8f3,6e6e6e7ef4fcf6be,163ef4cc35a5ab347e64cd450cce55a0584018f02958a6126de8f7b85c7f63f3,ok
train,000000500100_706,256,256,57429,0,8107,0,8107,0.1237030029296875,29,83,190,222,161,139,1,8107,dog,93472c90046e10adddbae113f77ecce46cd80057ab56fdb471d282cc099bef8f,c068b2061cb60e33,5d70346b5d31a3d90ed78ec46efdd9109b6c657d412372b53a1c3a759cb62748,ok
train,000000504058_4906,256,256,53826,11710,0,0,11710,0.178680419921875,41,35,211,152,170,117,1,11710,cat,011c8303ca8d780591b927482f8a57eeb62273ef5211f72bb2b93932763c8c86,343a4f4f69bc6f18,c1c39bf9bb238e709ba645df777fe46e995c73b1bda93b9787b5cfa6386afef6,ok
train,000000506401_447,256,256,62474,3062,0,0,3062,0.046722412109375,110,158,175,236,65,78,1,3062,cat,e273aca5710d5d1932ead18d105271191daa3f6df541fda5b7795ad20f6c6241,004040f0303474dc,a566f912533fa6aff626cbc026fa1ccbe9fe0b585678eed4598bee3cc0c2deb7,ok
train,000000509018_7223,256,256,54620,10916,0,0,10916,0.16656494140625,75,29,184,174,109,145,1,10916,cat,2e927d1dac810b31d13f4613c0f4dea1e09266b135cb41ba5161e559320a9f54,dd5d6d6707879b18,6b65246540c19d376d233bcaf84a2d44a59bb87904ef24399f5b4825c9c3134e,ok
train,000000512068_4624,256,256,50395,15141,0,0,15141,0.2310333251953125,29,57,160,228,131,171,1,15141,cat,0a3f824f19c44d130c9d61fe8e8b6ce38d86293f869366fdc3c37a027bc068dd,7273323353436a41,a2efbcb7021629ab220d57acd21b6e96f1ba020251d3c348751d2fc98727104a,ok
train,000000516146_7237,256,256,58215,0,7321,0,7321,0.1117095947265625,25,134,169,231,144,97,1,7321,dog,2fa15edefe863810659561557c1dc4a71189ac0c475e472c627da2733f00f438,19933e1dc3f393d3,035d77ac8406e3edf818c9048dcac689790d6f4b028fd33674cdd4ea86748154,ok
train,000000516212_1440,256,256,55319,10217,0,0,10217,0.1558990478515625,51,38,205,212,154,174,1,10217,cat,93180c6950e5338292e8cc96eb23aad4e2915eb4acc1ac2d12387cb14ac14c8d,1fbf9f1e0c0e82ca,aa9d3660330e55bbb90e852efff5f40e75c927bbed80204d3b14982f29f82dc5,ok
train,000000521112_6427,256,256,54940,0,10596,0,10596,0.16168212890625,41,39,192,193,151,154,1,10596,dog,8f11e46a023ae27fde078cf8789d2ddd3d71eae4d5add5d18dc244a1c236ce79,e8212c9e9a9a7043,2e2f07adbcd960d324d023e575bb68ff7e79583a54f8d2dab41a2eadbf58d459,ok
train,000000531096_2391,256,256,53093,0,12443,0,12443,0.1898651123046875,25,46,199,196,174,150,1,12443,dog,f46038f9fbff31c0c6b5ae0290d382e0773bef8c9e28f5fabb0a8d9f08219823,2e4dcd8f9e173333,89199ba0548efac3189a9b290422dfe6c7a21472627162c0754e0c80b6fb1b9f,ok
train,000000533026_799,256,256,62249,3287,0,0,3287,0.0501556396484375,84,77,153,174,69,97,1,3287,cat,129e2200f55d8a5918e2ad725c07b4af4d3f50a9ab7ebcbc91d2adf6370e89aa,8c8099988c040020,14b3a07157d066569567b4870641d515e61b6112a2097aa3ae5373e12f61d64d,ok
train,000000536400_813,256,256,54967,0,10569,0,10569,0.1612701416015625,40,76,145,236,105,160,1,10569,dog,8efdb86270db29b2cfc25bebc37679c8fec39240240da6f6858cc820ba28bf4c,9d351e9e1f1f3cf1,39afd17dd57cf0cc14b12c1028dd290fbf7050a0e2575533d13c931896663d3a,ok
train,000000546642_283,256,256,62000,0,3536,0,3536,0.053955078125,77,139,189,219,112,80,1,3536,dog,826ca2dad0c4396689efecc8d0b7d9e8c9b5fe8e48b54b604526afe4dab2bf39,408c8e96b0a34bc7,fc49fe52d1d2d5bbf58c3105b8a5c9a107341ea25f2e321bfbc28100cfcdfd7d,ok
train,000000546703_5948,256,256,63993,0,1543,0,1543,0.0235443115234375,179,46,216,117,37,71,1,1543,dog,118c0a5a73efb84832fe041fcc143501da57b9aa8e801219c5e91995371206e1,8c8a44646080c0e0,075e2732e13ad97ba9174dc2a391b8877a9063ae762405dbf353f37ae057a5f3,ok
train,000000546800_4379,256,256,60438,5098,0,0,5098,0.077789306640625,151,103,221,199,70,96,1,5098,cat,c560583dcdd693f3f2dcbf75197e5ec9e331ceb84860b95a4429b49bc46d79a6,3603033c393136b6,abe10e45226c1d3f5deb16ac7f64cd82fc7365a88262bdb1a9c2a15b92794eef,ok
train,000000549886_7436,256,256,63988,0,1548,0,1548,0.02362060546875,137,131,193,194,56,63,1,1548,dog,e764577f000be9bdc5abb998977b92a19f1bf9935878a7c58b278da08b861c1f,9f8f8ee0e6e3f3f4,f5b560f4ad4ae96335623b082bbcfe909f5417674f487b1066ab5dde3dc47bdc,ok
train,000000562835_2386,256,256,61127,0,4409,0,4409,0.0672760009765625,128,86,220,169,92,83,1,4409,dog,f92b199052f814616c84f3161005498f353e013356c64bde3edfb5c2d497d679,64645d6361f4ccec,295c4f3422af01dba0600cb08f45cc1a89dc05ac819aeab8fba77b38db71f297,ok
train,000000562999_3786,256,256,57573,7963,0,0,7963,0.1215057373046875,107,58,203,168,96,110,1,7963,cat,ec2e81cc7f206cc41a71fc221f970b0a4d09ecc004f86d48b8bf37889dd78fee,b4b8b0b0b2b8bcb2,33c2f0b9fab578c1692e4d3996701d57530b6d4fa8dc6608549222a503d8edce,ok
train,000000572825_375,256,256,60374,0,5162,0,5162,0.078765869140625,70,108,170,199,100,91,1,5162,dog,9600c39b134c75ccfeec965647891c96c055ab0a1f77e01102d61e22cb6e567a,34a821dd4e8eaef0,6ead5ac7b705aea69218039c185ae1ebe60d6aacb6cc9bf5a8f0fff644328559,ok
train,000000574769_0,256,256,65484,52,0,0,52,0.00079345703125,91,130,125,201,34,71,5,36,cat,9a1992254c3d710479fec09910dae7410d10bd0bba3d5b5ee755576926f9ada1,999c1c3f9fdfde9e,15141abf54b7bec72c4468be73260ff6f66dec9cc014e72ac0882c5a97b86c37,remove_broken_mask
train,000000575005_3321,256,256,59622,0,5914,0,5914,0.090240478515625,93,42,208,137,115,95,1,5914,dog,04d1b0f86b9de9436b340bd00ca129d300ea9ed141ea5cc2503c1ee2a294cc31,9cb6a706470f0d3f,5497e4b0aee9a89b0c5014219217764740498946c5541a95acbf8afbef628e84,ok
train,000000575882_794,256,256,63198,2338,0,0,2338,0.035675048828125,40,137,130,195,90,58,1,2338,cat,28196093cc1a38b59b46a1b2d153c190167a513bb5021c1c40c52c0b1c0ca557,ff73d30733e2a021,d52e8881dd7d64d8474a7ca588a750b3231463e41b7c10b95643254110aa6000,ok
train,000000576855_2826,256,256,64248,0,1288,0,1288,0.0196533203125,106,140,150,193,44,53,1,1288,dog,6abb82d7277cd356147d157021082269859db7f9b0194bcca0b919b64aedd88f,0e0e8e8eb6f4743b,f9277b156b502c158b7a0c80d6527ad8ff9fd8daae766505c0b6f55c9d6a6d0f,ok
train,000000579822_1485,256,256,64334,0,1202,0,1202,0.018341064453125,88,104,128,168,40,64,1,1202,dog,be73cd2ad50f37c1eb39a2fc47c2f112dbd9e640b25bfeab620813c56fa2c8dd,6cb8205adf999cac,eabfc13538e391acdf575fee4bbf885641ce12c281a5bfcf7c43a468842da7a5,ok
val,000000000307_5917,256,256,45917,0,19619,0,19619,0.2993621826171875,37,52,208,217,171,165,1,19619,dog,89eaf56a6399df6dd57e139791b49131523542555b02164feb4209b23c87a3fa,8a7acdcccc4c0d0e,341078ce61813ee17f1c6028d983566052ad7a79a7ada33eb9b005ee9aff6bbf,ok
val,000000004963_4650,256,256,58806,6730,0,0,6730,0.102691650390625,89,36,189,213,100,177,1,6730,cat,8f2f3ed5013d2e1d3775bb33e6735f1dabca5e7ab5110b92abb7436184a5f286,8ee7e73333062273,90b8315dda0b9dcf3282b8b28f445567e71fbc202f5adea93ba74b0a759fa731,ok
val,000000005946_3690,256,256,57585,0,7951,0,7951,0.1213226318359375,54,134,226,231,172,97,3,7660,dog,47e34093e028279766564f9b3313c6675b3c0a7bba4d470b42a03746d1c1107a,31b1919098283008,57312db6dc7836bbf67010726aad6632497805b040d825512fb65a02a0cefdf0,ok
val,000000009801_524,256,256,60003,5533,0,0,5533,0.0844268798828125,98,85,179,188,81,103,1,5533,cat,11197f179c9ede7ca176c6c5f7bb75cb6fead220a12e187bbe054d6d056225a3,efe7e3cccecaf87c,94860d8c41d4939e8be2017c9c14d122b0f530ec20ae940b5542c34b87182728,ok
val,000000010948_3065,256,256,63952,1584,0,0,1584,0.024169921875,130,163,187,201,57,38,1,1584,cat,77aadca8ab3e42cfebfd3b15fe5fda7a77185678a686c5d637a3b8d677379fe3,bc784c1c34098993,439c463e9605482fc5226ec4bc72678cc7fccdf5eb4586b9fc3fd89856e7640a,ok
val,000000013636_5081,256,256,50031,15505,0,0,15505,0.2365875244140625,30,77,223,220,193,143,2,15504,cat,20b656d056436d866d5187ba429b838d9f61e577d7bffadb2ab8508bae0c8c50,141c2b9c3c3e0ccc,0a4fd0f3992441ca45cfb0135b22b3e890c60c7358baaa8201a6cb48edf568e5,ok
val,000000015474_7797,256,256,57884,7652,0,0,7652,0.11676025390625,145,107,235,220,90,113,2,7651,cat,5285b85bcade091284234302e7b61d6d84afe58a7c0ad52aaf46f72179c83125,70707070323a607a,55b2cfed2d450ea17e34cd206b1147a76f394537d187a1c9581b83d071642800,ok
val,000000016377_1566,256,256,55583,0,9953,0,9953,0.1518707275390625,28,64,147,212,119,148,1,9953,dog,37a596ec300deda966b137d41a989cb82330e89582bca7dbff2397f7af878d6c,fe7e1f1cafe81c87,85e327e477412b0f0700dc0b5875970694f4479959162f5c6ef4e1393f570d2e,ok
val,000000018473_2752,256,256,60407,0,5129,0,5129,0.0782623291015625,93,49,230,132,137,83,1,5129,dog,14a0ac9965a10db76c7293cb6f7e4c532c2223e1ec4e0bafe414a887ecfc1ad5,0c1e1b23038f4680,d88fffd5bb2e32be10507afca7c30e858bf3b58c795d4edae6b7aec7c7e042bc,ok
val,000000021571_4109,256,256,64091,0,1445,0,1445,0.0220489501953125,132,74,166,142,34,68,1,1445,dog,dd1afb62b20eb6515dcc4acb60b055c95e08259a9815d602599d8083b7f14072,6667636363c7c7c2,0d16bbfd2a989b5ca903cda1c0b2b20263b30b2cb4065fbb1028305c6d4b3c39,ok
val,000000023656_1700,256,256,61483,4053,0,0,4053,0.0618438720703125,30,39,112,176,82,137,1,4053,cat,e028ce494287d6da22263ff1dd0f20b47b0a4553797238e327eb9e4b0e1ae2c2,036436b290d1d1c9,6fe569757223b7cd577f6d460aea39032d35212b1800667cfce28ba17d67f2f5,ok
val,000000026310_3053,256,256,61810,0,3726,0,3726,0.056854248046875,112,159,221,219,109,60,2,3725,dog,384bbd0886e36b237a70c480380162bf8e9577c84b666789cdc3c094762eb31e,90038201f0640107,f22e1a2c1f13ed5db0bbe563c5c4949e68e535aa8c0a626718ca70f81c167582,ok
val,000000029602_5237,256,256,62311,0,3225,0,3225,0.0492095947265625,90,49,215,121,125,72,2,2144,dog,678407a634558d124a4565e6d335c3e0295ada9b693050eafc39ec9fad2dd656,6d5d4808979b0b58,2e9ad71c85e5ab510bd9cf87f55b1840e6a45a67a0be5c9d761d6fe91da1bb1d,ok
val,000000031329_5757,256,256,59367,6169,0,0,6169,0.0941314697265625,35,166,152,233,117,67,1,6169,cat,a430a5f05cf466d2077edf71b0bb7f7d2f2a4f9b0d38f9885ce9178652e7766f,b6b4b5d574e15103,713b6bcac6a68468a51957de6cf2d8d4484839aa85f4044ce7609438a78f6d91,ok
val,000000032405_3377,256,256,59243,6293,0,0,6293,0.0960235595703125,29,25,166,125,137,100,1,6293,cat,6d0b9995a56c52b42f61fdafa2bee18bd8580ba7a7082ff91662241d00ab01da,66769e3f369fe787,6318ed42398ab1d56bddec3fd8596f6dddb422e82be98c3b22f3989a7c9100e3,ok
val,000000032578_3089,256,256,52346,13190,0,0,13190,0.201263427734375,41,40,184,192,143,152,1,13190,cat,2c415aa564754e8fa475c4b12718c834bc2266b64814ef42c7e0bd3ba72e659f,40f031197164bb29,f86ab46e31cbe1e4c8ddc8fa9e87fc1243c7863c1a6ce8376f8023e09503c2d6,ok
val,000000032949_4995,256,256,56387,9149,0,0,9149,0.1396026611328125,57,57,163,206,106,149,1,9149,cat,f92772aa58460cce1d14a68bc3da58ce76b840fea53d0834d444a1f6ea12c62d,8cdccfcf8e9f9978,1dc05189766d9581675c9f6523fba45d65a312d26400bf02ccec739488fe86be,ok
val,000000037566_6519,256,256,55462,0,10074,0,10074,0.153717041015625,54,37,180,162,126,125,1,10074,dog,c8dd0656f7041d48a093bc4f4168cbf2fdbacfb9b9eb3a40722703927e9ad1fb,e5f5f07164fc1898,bd0f6b7d77ecd657952289f6f6430bb082d12c6da2f41d0fc9a243a72211193f,ok
val,000000037907_29,256,256,54965,10571,0,0,10571,0.1613006591796875,50,46,135,210,85,164,1,10571,cat,f06e26340cd0fe6276f446276cb9a256cd3c08ef6c7a8d7feae956be03ea3039,cebe9c1a1a181f46,9c362582f2860bc7e26000b54b6205240a26243dcaf7e1d7307bfa8d22279782,ok
val,000000039016_6479,256,256,59946,0,5590,0,5590,0.085296630859375,104,76,227,198,123,122,1,5590,dog,40cb7b8220bd5b6ba87c2a88f9c750800ba2ef5abbb7598794c7880355c62427,32f1b1f81a1ac936,6cd90ea1062651fe1dbe50bcad2c07c4949b71a4a9e5f11732a5d1e3236663cb,ok
val,000000047386_3549,256,256,55165,0,10371,0,10371,0.1582489013671875,74,31,188,206,114,175,1,10371,dog,8c837fb9fd5ce79be69092efcdf6354efb89ebee6e41bfe6bb6b3a47052ad03d,cc8c8686cce1e3f6,69dcf0367ae2c31b1a17160a5e6ba8d1bd6f4950ddf468ea59b1619753787a91,ok
val,000000052629_6314,256,256,60780,0,4756,0,4756,0.07257080078125,91,102,205,211,114,109,1,4756,dog,1c6bb7e30524bbf917a8d3d9c72b79146b0bfd96ea670c79fed9bedb9c52100b,f8d83df3cecfd9e6,5c5d7a4115a147638410afcd32dbda1c7f08b28eb18431d62bae6495bb2ed1ad,ok
val,000000060769_3422,256,256,59816,5720,0,0,5720,0.0872802734375,52,34,185,209,133,175,1,5720,cat,672fb9e0713f9f9f47bdf93ca06cc359aa6b634117a42de9e73c866041e49ba4,31b1a29a02202307,33225f5f028b5b6efd342609145c473263254bf70d33a7f72259fb03205eab88,ok
val,000000066253_5398,256,256,59724,5812,0,0,5812,0.08868408203125,61,100,163,185,102,85,1,5812,cat,66210e47355bf71f67f154c82dac9dfdbb41749642d4babf481bc596046a6ea7,0860f0d8bc8ecf9a,ade1f4d531c1c8c2330b52a720f1a15c2cbcdb43f6a08e2674c8e608860edc6f,ok
val,000000069616_6533,256,256,63259,2277,0,0,2277,0.0347442626953125,149,114,196,190,47,76,1,2277,cat,64c0d122ba73a1c0a9744239c2f976533572915d6af7b3b90f2af47f0de476c2,45cc8d0de9e9d9f1,d12a8ebfbf4286801459add3b3c8c59dcfafacd7b99222c6715aaaa0c3d99c3f,ok
val,000000070033_2866,256,256,59048,6488,0,0,6488,0.0989990234375,52,104,190,237,138,133,1,6488,cat,9adce78eccab331edd2b0e8a2ca4780b568768e8bea7f65357c6720fa432d4a4,16066cb6d6ccccc4,25239387f8251d52653f992b88b1e9407d9e1d588595d9fe42123db85398dd12,ok
val,000000070714_6320,256,256,52475,13061,0,0,13061,0.1992950439453125,99,68,218,224,119,156,1,13061,cat,7214ae42c577f5aee4b26bcc750bbbe16fa81150658c60da2722e5048ff03cc9,3d2738dbf3f1fbd3,f79e2cdc8f40f0c381d9d01cdf641e800fa7d07a499bc8b52259c7a215d43a6e,ok
val,000000071122_5801,256,256,62437,0,3099,0,3099,0.0472869873046875,41,126,128,202,87,76,1,3099,dog,41828c971c98f179d3712a0aa51b0aff7afc459eaa2fdb90411c61ca21469465,7031606179094cc5,61f25f8c49dca08e41f10e7184c3623aa110a8206f209164cb09cd8a3e6e547e,ok
val,000000074583_515,256,256,59089,6447,0,0,6447,0.0983734130859375,24,64,184,137,160,73,1,6447,cat,a5c47d58682c472f74047787fcd3afbabfb5e134b38253a4ef2896cba7dd31aa,1514371e1f0fd7d5,394e979922c9fd71c65408fb044ee85a371626fa6ab420046900ae77c93b5e17,ok
val,000000079244_5821,256,256,63373,0,2163,0,2163,0.0330047607421875,72,176,151,226,79,50,1,2163,dog,941990ecedb7facaa7b24947637811fda53cfaa7a4168b2fec23ae5558e38df8,3d15579794d8d818,c497e1d8addd922607674d860135a14948ea7b206354c1d91717b9140264921c,ok
val,000000079831_4621,256,256,44357,21179,0,0,21179,0.3231658935546875,57,58,231,232,174,174,1,21179,cat,9611c0f5a51791bcf626de0f1b99b8636f159577736b095302ad2f0fd02252cf,ecc2f2178f1b8f9f,b233c04b84448709bf1a901721d1444a46d58ae963ad72d6b5d26f3ece0bbec6,ok
val,000000082042_1793,256,256,57419,8117,0,0,8117,0.1238555908203125,55,114,220,201,165,87,1,8117,cat,9c261e719234b7ff9ef2f732065cbe6df917c7bccb395219afbf435493e64e69,37179b82861f9b6b,55bb9fbae790ad1ddd95b50a48e12fa9f4a332373e6fc820aa9705c43d03f840,ok
val,000000082709_2063,256,256,60224,0,5312,0,5312,0.0810546875,35,75,149,197,114,122,1,5312,dog,4b8269b61004d179ba2babcd0bfb3510f4839e39f60245f25a43e91ae33fd1e7,d69e701c8dc82540,15318fc4b08609f1fc816e9feee2ad2c9f03db6043aca99cbbe7f8e6377b7291,ok
val,000000085114_3341,256,256,58775,0,6761,0,6761,0.1031646728515625,85,66,203,219,118,153,2,6760,dog,f67c3a16408faa670772c5d17b5d1147a73d81a233f8f4722065339aed4d810b,8acad85c8e6763f8,2a5ab1c929b6586bbd776cdb0ce9126952c49a7863053b9efa5ddcfb3b52c030,ok
val,000000096288_2235,256,256,59644,0,5892,0,5892,0.08990478515625,145,41,227,157,82,116,1,5892,dog,bf13b3016514833c0761ed2b964bc4716d08c43eabda0aa48dad49e429e2ca14,ccc8c2f87e2fc134,48e6802a0910adaa3d8116d0a5e3881bd3670691e359c43de03c7fb05b554427,ok
val,000000097568_6468,256,256,56170,0,9366,0,9366,0.142913818359375,26,41,158,149,132,108,1,9366,dog,e198610ad6845356e554537cd3399653ff9aca6572c98cbf1e1314860e4b1378,e05474501e2e3e3a,97ad2507318dac249ebf890c9ee326ebf7c5b4e08b202751dc033c7da673defe,ok
val,000000098549_5887,256,256,56857,8679,0,0,8679,0.1324310302734375,86,37,180,203,94,166,1,8679,cat,884d75a296f9ab99959f140178673904dfe7f4f964081d4b8049309180f6a1e4,9a868c8c0a098809,ec2a28bc5477ac3a01c7e731aa25b80e18793a668baea053d91cbfa97519718f,ok
val,000000099453_5467,256,256,55455,10081,0,0,10081,0.1538238525390625,50,41,211,191,161,150,1,10081,cat,cc63ac429f96d761f7f0a206f9db885c3b13de1c3b1f146e938bd091f2d61890,266672323a4e2686,d88c0f9de596cb38bab38c88f8e5ef0d8361a3b7c55a362e27badea0e84af5e5,ok
val,000000100347_7456,256,256,59253,6283,0,0,6283,0.0958709716796875,97,75,172,203,75,128,1,6283,cat,cca2197af3af716f140b0297183e75e9692254425a828aa39790f995b1dbb611,201020a0a1616364,59d4ed6f671e3e7f505a834e8db1418f8fea6898cdfe1afa12a340ad13173d1f,ok
val,000000100586_6818,256,256,56553,8983,0,0,8983,0.1370697021484375,67,113,228,228,161,115,1,8983,cat,8f65c292f45b4a93b83af4c3455e5f01554f3a795e154c81c03fe622b8c4cfa1,c8cbe3656daf190c,cbb1be31ca91b66ee5b0c610bdb639bfd62f41b1fafff9db77fa81fabbb6606f,ok
val,000000102133_6660,256,256,59637,0,5899,0,5899,0.0900115966796875,62,94,172,194,110,100,1,5899,dog,987f453f7a44ac3ffa2dee1cced5d0ef97b0cda1c3e8c9f1ccf70fba33b74667,a51b83436bf7c140,5f50c1e32f6f02e593d71bc41e64b75fb0d0ce333c3f50694420332c4a2e2528,ok
val,000000102663_4028,256,256,51611,13925,0,0,13925,0.2124786376953125,39,48,201,194,162,146,1,13925,cat,a9d915b3f79b6e7e96f6980907849366cc5faa258647ecaa93acf94de316a52a,839797911111c181,f835eba9a1b1a0e3e3cefb7705523b04b16a58865a59126ffa56505c49043b12,ok
val,000000104494_2037,256,256,59621,5915,0,0,5915,0.0902557373046875,96,75,207,149,111,74,1,5915,cat,a32b3cd229fbdcbbbcba90ec50cb54c3d3631616ce47fbe796da624f0f0cf96b,8190991833336121,01de2997c36b78382dddc0996b9ab8051a9e2a45560bdf41aa9a32f6548e5309,ok
val,000000108463_2513,256,256,54700,0,10836,0,10836,0.16534423828125,28,55,188,191,160,136,1,10836,dog,d0b42d12775920fedd2bb30889fb74d98eb5b2c71849b0559901608abd0b48f9,bd5bc4c5aab3d94a,6eaac629c5cb274012f59f46495cc6f15659a6dc3871a85cbe2b3ec4f77e49c0,ok
val,000000108908_6126,256,256,58875,0,6661,0,6661,0.1016387939453125,55,73,164,213,109,140,2,3830,dog,b4bba85f12561eb976768ec1169cda0e002abe41e3da38a428d8b69a5b67798f,266c90929a595205,2595a9dd28d3946ebe970d05d88d7ad03d9ab34129626cf603ac6c53f7a1b4ed,ok
val,000000109393_3389,256,256,58612,6924,0,0,6924,0.10565185546875,40,100,136,200,96,100,1,6924,cat,ce0010b4fe8ac01e7d0f06e517d82278647349e9535354b56a32e214c246039f,bfbeeec6cccfebaf,b0d40aa9ceaa6e0577e4e9b8b377d95878c54f013ba5f953c1c144c00e6be637,ok
val,000000113649_4251,256,256,60210,5326,0,0,5326,0.081268310546875,54,69,208,189,154,120,1,5326,cat,cb39d045f237c05e7f8bc4b64dafe54c8054e576e339abd62c1de6a33230424d,fcfef2e6c6b7efe7,46a296d95bde6687c8e6bfd4615f9f30d51db482ac18926710d8bb8428c92f6e,ok
val,000000116186_4696,256,256,59165,6371,0,0,6371,0.0972137451171875,90,118,224,179,134,61,1,6371,cat,2920559929ee6398f28607e17b2f8954978286e924bb2c0d6f37cb3d69c6dabc,3b3b1b011783f8f8,a0ba31ca6ad01c2304301f8bc0e073fa9c8fe454dc75251da1cdd43d4bb0d00a,ok
val,000000117119_4953,256,256,62428,0,3108,0,3108,0.04742431640625,133,123,227,194,94,71,1,3108,dog,7a3831d1c0d68a4e95946915dbc3f99ba6f3af2a89f8c05762e7c022dad5b595,0afc97fefc04148a,165dc62cb407e0fb50de43c9f010717541108cbb35aede62437881c4d4a5d98b,ok
val,000000117690_679,256,256,59103,0,6433,0,6433,0.0981597900390625,83,67,237,179,154,112,1,6433,dog,29443b5c05a47c24c8e807d1f0ee1518f8349b63fc44c873695db84d0a7768be,18948881cb494e1d,6d1495710b39202ffe56dca7918bbfd2c450533434947d5a2b86d026464382a9,ok
val,000000118997_4581,256,256,42008,23528,0,0,23528,0.3590087890625,99,0,256,206,157,206,1,23528,cat,307e2da5f43f8438518c8529a292b3ae3dbfb8568ac07e99f3a39e9297391e1f,989890869e31509c,e3939b3af9062cabf0ce8e019286e73c3e97cf378aea5e3ef6f048e1de2f4e89,ok
val,000000120747_1102,256,256,64651,885,0,0,885,0.0135040283203125,173,114,203,168,30,54,1,885,cat,63d26c9e41fe9d755ecdba6b512b9ae69a60bd1a7ac49521af9782601fdfcc3d,f2f2e1c0742501c1,147f76049d98dc0fb9d1bbbd8ba0d6340636238ed8204accbba987c424b9a3c8,ok
val,000000121622_7227,256,256,61995,3541,0,0,3541,0.0540313720703125,76,125,186,189,110,64,1,3541,cat,b270b8b7fc3945295de053431fb517a42bae6f84895327611ed04945118850de,3b2d3b3b2e4e7371,5486547ebb9dd3ae951f05dab64b77cd9e520e311269d8582e716c7f522d5b0f,ok
val,000000121783_1137,256,256,54802,10734,0,0,10734,0.163787841796875,101,37,223,194,122,157,2,10733,cat,19f01ae7a54428220803b1932d8a9071f8379cfbb8a9e5ccea27cf4cbb0914b2,debbf2ee666f3e33,b06b434eab21c10d4b786eb08f76e171d0ff25514a3801020f4c9400e7dbfed6,ok
val,000000122934_36,256,256,63683,0,1853,0,1853,0.0282745361328125,89,37,168,118,79,81,2,1780,dog,18af5ca29ff347293051e0555d3a56aad714cefcca2243cd0ed43c6aa89e385b,6c2d3bdb952d1d75,2b94da91035debf2b5f6229828912a2f238ead0942c47c45c692061c5b208983,ok
val,000000127659_841,256,256,65191,0,345,0,345,0.0052642822265625,114,177,135,203,21,26,1,345,dog,c85f6c1ff30b70ec30b6d63895efc0aae801cad06394f75d98576c5bf473811f,f7360e1c99be3f3f,e0a23645240fcb8bddd2e7908461e5e86faa603227ac93187e9c5080b0b03d2d,ok
val,000000127781_1511,256,256,55987,9549,0,0,9549,0.1457061767578125,128,36,233,193,105,157,1,9549,cat,ddcff24fbd4d544949516d02355572ca577cbf3268a9677734c8413150c9ca44,626a272303020400,66720b86f488d489433e217ab39e0e03b6e969e32a2cd99e47ce6bb71446e0f7,ok
val,000000128405_2570,256,256,52474,13062,0,0,13062,0.199310302734375,94,59,232,229,138,170,1,13062,cat,a81a22423e324ea174518808318041f0e265e49e56cfcbfb886bb04168f0a395,c1818dd9d3939fb7,185ae8e4173af26abcfba71dc48e507323f89f9465887835e4571dc57922bc92,ok
val,000000129026_5591,256,256,63408,0,2128,0,2128,0.032470703125,84,122,207,159,123,37,1,2128,dog,457e720fa5778fe2189d6b54c09cc4209d99fbbf97819fc63e741d5e2b16b1b9,b6362ea4aeb83171,36c2b775f157eccd8cd4bf48941bfd9709f42fe6355eb1cd9308b284358a16ac,ok
val,000000129864_998,256,256,54715,10821,0,0,10821,0.1651153564453125,77,55,230,192,153,137,1,10821,cat,e2e5da62858b083250c6e4c5719460917c172d79d428d7e00e1e3309fa25ec4f,623a89db4e7c303e,7185866401ca21210051e6f2bf89b0feb2b8e963b784c1e1490e620ea50aef57,ok
val,000000138083_1366,256,256,63494,0,2042,0,2042,0.031158447265625,99,140,195,189,96,49,1,2042,dog,07f4fd568c3a384bc309cfbc53b214d8fe1d4958e7be045d2a5375b0b91650d0,a9a146484c0482c0,4e4bd8f4dcfcb9c57ebb57fa198503b7b76f923ee942c94293b6d9d281a31dde,ok
val,000000141718_3573,256,256,56892,0,8644,0,8644,0.13189697265625,88,64,203,234,115,170,3,8641,dog,f442e9ee56f2d1e6cab9b14ffca515eafb00132303730d56761867962ad8b36f,a7f7e7e76b713c30,572f792c81ad8c6e64b04f2edf7ef750ae11150b725aa78000b999d1e41f73bd,ok
val,000000141955_6226,256,256,52882,12654,0,0,12654,0.193084716796875,76,36,234,149,158,113,2,12653,cat,1a59c90f45dd5445614a5d61f35e6b123ba63e26434024524a924e6015370a9d,283313194bced8d1,7aec95a7ac9b763ab8b91dd45cec7908064f57c5b03077777a72f5031e9dcda6,ok
val,000000144622_4774,256,256,58742,0,6794,0,6794,0.103668212890625,61,21,159,162,98,141,1,6794,dog,960870f4ae8c7a8d7e7aa032bb2e4be275e6e20942f2d0484ef6cc71e0a90894,e0d05270665ed8e0,e4e5ee6560f177ebdb6423286c0b6fef473e82924b228fc28ab0307474089f5e,ok
val,000000144862_688,256,256,62312,0,3224,0,3224,0.0491943359375,30,94,151,168,121,74,2,3223,dog,184f30480d6c5c695a15ba9345b6667d8168aa8f8108a3abd43d2e737d93e937,cf7c30fff6f1064c,e49ebfac96c28eacc5f9e9564769103ab0e9c1da1c2cc208ffac305dd5bfa652,ok
val,000000144961_4897,256,256,62073,0,3463,0,3463,0.0528411865234375,84,153,225,210,141,57,1,3463,dog,a743370e3f50207feb7c5b3555c9ad2ecc11cc873f1b247c4396ad7f315dae58,f1e76131594b2330,a7b1db5297f317096c8ed70202746fd170cd0c28bda9a0e4f933dd7f918fec0a,ok
val,000000145312_744,256,256,58379,0,7157,0,7157,0.1092071533203125,47,31,193,210,146,179,1,7157,dog,bad090aaf1c2775a9c23a52abb277dbb53f10e978024eafa83fdea4a6f0eac96,b0cad4ce676d5e20,f460f3137208268feb578f54411943e7d01db5ceb36f703dd96029c2f594102a,ok
val,000000145448_1357,256,256,53542,11994,0,0,11994,0.183013916015625,105,62,221,231,116,169,1,11994,cat,b17dfef8a90134a4086ba05171ab56c5137bae75318343bff547c8fa72ce178c,62f0c81a18cc8d63,643bc462b071788b099cdaf1a883b7bfe00cbe3a3fabe94e66cd6112958623b0,ok
val,000000145476_5011,256,256,50809,14727,0,0,14727,0.2247161865234375,107,57,234,226,127,169,3,12752,cat,81cf63f6c863276b4b48f3ea5d4a08a07ef69c6d68f12b054be33720f44b2711,416366353964e4f7,245240aff5a7a58488b6ef3ba3b4d67805058c16b56a2aab28e50bc8d1d1f864,ok
val,000000145567_1079,256,256,64301,0,1235,0,1235,0.0188446044921875,140,134,191,177,51,43,1,1235,dog,7c623c50f474eecf964555eb7dfb470f51102818c28a3065c7ba9e63a43a6bbc,222646b276840028,55a0850bde25ca708d335d88687ff7a6008a78be6bd11c2b490b0ece2dc7e5fd,ok
val,000000145912_5633,256,256,60247,0,5289,0,5289,0.0807037353515625,107,36,228,127,121,91,3,5287,dog,e37ace889965d0791f5b9b478255b956c1d496bdd75fba2b1778032478c4f229,5192b2b2c8e61964,1de88db2414c3a8e2dfac8f5c6f059f76066e6986096704e19f1afd670babd2a,ok
val,000000152299_3788,256,256,57499,0,8037,0,8037,0.1226348876953125,28,29,135,196,107,167,2,8036,dog,45ba1d025c588eecea5ce34ba0813cb19860577038622735d11f11f9dceb9436,c6cd91296947e4cc,bbd17b746317dca335e1441cd02ce945c041e2d3ac2d467f322a6a5a69cbfb15,ok
val,000000153824_5224,256,256,56348,9188,0,0,9188,0.14019775390625,121,90,231,226,110,136,1,9188,cat,34551af85b8f82bda28f4c8a9ba3ef6ab43fa842c404ff65166bcd4f263dcc91,921c1a0a49010830,a768bd1c4547813605ee458257219cc585f2fab6a30c69f8c5514d1e6f574a7d,ok
val,000000157806_7276,256,256,62568,0,2968,0,2968,0.0452880859375,31,132,120,236,89,104,1,2968,dog,1a7a0801b310362f57e8c10281b27ade2da6e62ce87b9c1102b7e2d7a32ac837,f9e4e4e5c58ef75b,14c99f9280c459d6f5bf57417fd14ff4ec032bff50977d4f4b6f30b9abf6b5bb,ok
val,000000162396_4603,256,256,61013,0,4523,0,4523,0.0690155029296875,64,119,197,217,133,98,1,4523,dog,142db660a7eb5f1838bee711212c53472026ba4bb150ee39e32e062ebe1d931d,806860f2cfccdc11,3015d35a56dab10ff0e7eaa9e96625463b5947d54b6518447dd9808fead0eece,ok
val,000000166049_5725,256,256,60954,0,4582,0,4582,0.069915771484375,128,66,206,229,78,163,1,4582,dog,db069942e6ef4fb34e7f89612356d8aeea4f81f21876e09aa23ca3434af37e9e,80c0edcc9cc60411,2b7c7323a64c4311fc01dd31daa0f8dd2abd42e662cc62526fecd66359a11561,ok
val,000000173019_2644,256,256,62061,0,3475,0,3475,0.0530242919921875,44,40,118,152,74,112,1,3475,dog,47cb3d8c24ac9cf659f5c19f8fb370f641f01a40710fbf680b3217328a027cc0,d3d3f7f7bbfdde99,aa06ee72173f741af33640559af96c17c3500cbb0c646eea630a9ffb47bcfd76,ok
val,000000174871_523,256,256,55773,9763,0,0,9763,0.1489715576171875,21,47,190,196,169,149,1,9763,cat,4c222f5f165f7b1e75bd4429618df5038752696eb101acec3cb8d8cf5997eee4,62e6da9381c35373,660802919241208909c29a2a30ec4723b1b224cb84dd5af7377562f2d638a071,ok
val,000000175421_3853,256,256,61147,4389,0,0,4389,0.0669708251953125,61,100,221,146,160,46,1,4389,cat,81214a0a85364f798e2ce9bf54b03e56f395aff8d573e61096b4031c3184dc58,125a5770f090932b,c0146cd86271d3d50decec4efa7a5cb142d9b5c60d2b399cef2383652625b204,ok
val,000000176089_3668,256,256,58388,7148,0,0,7148,0.10906982421875,136,52,218,168,82,116,1,7148,cat,c6804de38365c042ab812e2c4f24a42736d1f3d87072511643c83b2b0d922d9e,74fa383c68384c49,486bbb2ea081403671949dc6a1f437655056dec535b930fe650ed74a876728a6,ok
val,000000178692_4197,256,256,51829,13707,0,0,13707,0.2091522216796875,61,48,228,167,167,119,1,13707,cat,4493fd4115d2675807c4d5f4c12c631d23a590b6a805969b7190e5dbf182307b,8c93030f0f810306,82a4be9836c766bfc5b9e019d867358c49d8388861977e67db59e7eb7bff10f2,ok
val,000000178948_697,256,256,63100,0,2436,0,2436,0.03717041015625,122,55,193,135,71,80,1,2436,dog,af7c023e1a4611205789dd7c54578a806be417a5164b02de106d76c9b419338a,494d8722e2cc84a2,e0805ac160aa4cd7c891f6ce470de75899db12a68a6b89006529ff1df639cb72,ok
val,000000179964_3347,256,256,58750,0,6786,0,6786,0.103546142578125,53,72,177,230,124,158,1,6786,dog,cc38da74a3d3dd6c9e70644b4c9ad02806cc3191bd08ed19b6843cc01e53da49,162331339694b293,a4a2865a6b6558ce567f8eb51a8f6b9d817c9334faecb2453579a05c8b5450dc,ok
val,000000181894_5773,256,256,58245,0,7291,0,7291,0.1112518310546875,64,126,190,229,126,103,1,7291,dog,a2f1a431e8b2191b2ff1c356f4a1b912977621ba6bbe0c33eca15875570c51c7,c6347086878d8fee,81fd878ab70561fd0bb79d786b0fe2bcc1ea07f46630c69ee0de6b49f01834b5,ok
val,000000181949_7716,256,256,58069,7467,0,0,7467,0.1139373779296875,23,20,193,127,170,107,1,7467,cat,3fafcc210d9e0d0f5ec8b9099c6d59c4515f542ad043766bada18b6a87741a43,0a12d66657541c2c,ddadb161c7f827130fbfc738d92be1121fab0b23f41df6754dc20b6dc42df58c,ok
val,000000182683_1457,256,256,52877,12659,0,0,12659,0.1931610107421875,43,22,148,198,105,176,1,12659,cat,99207220be6623db59cc10d788bb98aa590174b7bf56db5d9285d96d4558dda3,3656c4666424a8c0,08c7651597989e7fb009fcf615990e1098238d64369beafa1d376c46f0f39d75,ok
val,000000183626_5557,256,256,56845,8691,0,0,8691,0.1326141357421875,53,105,153,245,100,140,1,8691,cat,90f5e3823db083ddddd75279975eb2f3017585537420b23037b20dae7bce2495,0300f1897c66688c,c71e982bd88a3d2936940ec4eef504f0288e26147e4336d6f272e4d3207df881,ok
val,000000184606_667,256,256,61311,0,4225,0,4225,0.0644683837890625,125,61,209,149,84,88,1,4225,dog,8b53a023ec8f5a54198a30846c9e3f7d3f1d6ab36e44b17c253e434e18565953,815ad3e7e793b3d3,72ba18b719e7ae538024d77fa5e50c52660b6d0a0704d82d741e8567161f2861,ok
val,000000189027_7405,256,256,54999,0,10537,0,10537,0.1607818603515625,33,89,205,220,172,131,1,10537,dog,7d30cff6b9bdf4f83e422c7a68a2ac58ce2e5b70108a2f001ebbdcc76abdfb22,97b44283073636cb,f74de2372b3fae09e2855c67c27b46475e54c94567e7bc7ccd593055dcf64fc9,ok
val,000000189129_4539,256,256,64689,0,847,0,847,0.0129241943359375,110,68,134,126,24,58,1,847,dog,88d2b71f5ffcb47d770b7ad8e2ca2d50a0b2535e4329920467dbf462a9a5d09c,18183e7b71e6b0f2,2addfde7d6091e0d63f328a3375d4b6f4c3583b40b6fa2c5d47c63020daa0c6d,ok
val,000000191280_2005,256,256,62958,0,2578,0,2578,0.039337158203125,42,96,113,199,71,103,1,2578,dog,d537e15ede2e58295364555e1bab8a012409ef5866ff31f1f4623675f52a09af,6bf6c0b8b2527d42,28510696778d846aa1d78854f03f1b0dd14716025969e488bbde8ba22478cb76,ok
val,000000194605_3276,256,256,63350,0,2186,0,2186,0.033355712890625,25,147,129,200,104,53,2,2185,dog,313c1e05a41f835c4fbd06291beba30432af89625eba5bb916c19d512385732f,1212129618381080,4cf57d86670916558919796370966a6ea65b87ee7f5f6d55ae7b760dac6dcc4c,ok
val,000000197097_227,256,256,54879,0,10657,0,10657,0.1626129150390625,38,67,198,193,160,126,1,10657,dog,73aceabe3d5e6e3602d35de5f3df97c112f5c1229f5ef6b510619b67f73ce73d,1a9aeccdc08c8ec7,6ae9177136ad76368d269c396c0d2285b59d4087be2bfe80d4ba90c66e029feb,ok
val,000000198176_1617,256,256,63762,0,1774,0,1774,0.027069091796875,117,99,182,170,65,71,1,1774,dog,cf7d87f73e3189767f46b909733bbd773c277a1ed6d44c821d561490d360b539,ededed9a9acf451f,30cc88697aa36aeb902ed3c09ac7f21a5980236650c51aa2c2db91357cc22f98,ok
val,000000198947_3857,256,256,60853,0,4683,0,4683,0.0714569091796875,140,32,236,158,96,126,6,2267,dog,b00654ba01f65d082a0870e466b49ec0dfc1b6029a641a2e6c0c63907d39aa22,5f985cfcf8388018,4a1faa8406e91f8d0bc93c3b3aa481fcb35a8319a050654561af9ce0c4b48f15,ok
val,000000201918_540,256,256,52165,13371,0,0,13371,0.2040252685546875,68,27,209,193,141,166,1,13371,cat,fb22e214b9137717fd36847e78ae83f6dbb2fb102fef61dffbc9a784946da3a9,e6e6078b8f9f3ed8,c52e9ef6515bee042309623a552da81905a35d1c9fce2c4ce77370ae1d006550,ok
val,000000202554_3911,256,256,60762,4774,0,0,4774,0.072845458984375,88,66,152,173,64,107,1,4774,cat,1dbc3b6f2010a11bef68fe587ed96f7baf2132265e1a5a95c39e1d4e2e47aed2,80808816160e0801,cf9cfb33d00c8a9968e1ae46a484837393317004f93fad43e72020b08201ae4f,ok
val,000000203926_3711,256,256,64418,0,1118,0,1118,0.017059326171875,97,51,135,103,38,52,1,1118,dog,de62a8cb3c7007836350b4d14675ee25858e697011b41b74c4708f0d5ae515c4,78a14441cff00180,bdfb1d10bbcab75ec99a8f909e835b7a2e855b526989a2b679bfaf4fb7bc02e3,ok
val,000000205531_1477,256,256,63623,0,1913,0,1913,0.0291900634765625,29,47,96,93,67,46,1,1913,dog,f1a0d62e793afc523fc021105c116241d5dd67dfd46cd897cb9dff0c56f72f10,3191c1098080e000,f3f60571eeff1be2c328334252da2e21344883ec361cc95660ef0b18aa61dd42,ok
val,000000205866_1789,256,256,65203,0,333,0,333,0.0050811767578125,148,157,168,181,20,24,1,333,dog,cabbf1e2a65682841111c1976bb20f205cd890ed68796c6f562fb5f585da99a5,00fffbe9f7f40c3a,6b3a5f3bf52a32103266c915761dc9fcc07a159d6692d8bd2ba8fd534fb66651,ok
val,000000206542_6754,256,256,61131,4405,0,0,4405,0.0672149658203125,160,26,211,183,51,157,1,4405,cat,a4de8f70042e54f20abefd63bd7bcb2b48a89bd3696bde12b3e6a8db64dad619,cb873ffdfcec0e30,b95401592ccbb93b156311a52deeec321d14d3f187786a3b775a3926aa080e4d,ok
val,000000209731_4128,256,256,60047,0,5489,0,5489,0.0837554931640625,143,45,217,241,74,196,5,3407,dog,67a43719a80b88781218e749369eef166b57648f610e910205de039efba01844,4ec7c5c5cdcdcdc5,ce8e0c21775395d816452e737c50bcff6d074860574b86394c8c2b562f350b8d,ok
val,000000210012_62,256,256,63100,0,2436,0,2436,0.03717041015625,114,128,201,199,87,71,1,2436,dog,41e45a369f1a723c879b65116a9034b33ba2d8b2ab4b31fbc6d71f3404b552ce,735f1f3b3f77f7ff,271d5f82f537dccf1e5ab862c3d4b8fb82ba8744548fce0274f660de32509aa0,ok
val,000000220118_1480,256,256,58616,0,6920,0,6920,0.1055908203125,33,58,134,184,101,126,1,6920,dog,fe30d4fc4ed91d8879668b71088ac9dbe3ddd4a483388f68991f1972fc86dd0b,3622d0c8cd4094a8,13db08368e25534b6b1a0867305636c018eb9c33c8a3bb9d8aab9c292c27d3dc,ok
val,000000222026_5120,256,256,48187,0,17349,0,17349,0.2647247314453125,39,62,220,230,181,168,1,17349,dog,f86788e33ad106aba5832431d55ed16713b98c3d1f1f1260476ba25b3ea99539,47450c091bb9d981,d64743946518a0ade043bfd0e8c005a13bdb05c631b634dfd376efad7693c713,ok
val,000000222228_1663,256,256,56303,9233,0,0,9233,0.1408843994140625,61,45,187,204,126,159,1,9233,cat,ab9105730b8fcaea28b5a8989d9d12aa6b4e9ff69e181b668b0b8bcb65f41f04,c9db9f1e1e1e3e9f,b9c625eb52f68645f08bcf0af27f3f43909a5fff2a195bbf478382c47340653d,ok
val,000000226974_6471,256,256,59454,6082,0,0,6082,0.092803955078125,35,100,163,181,128,81,1,6082,cat,6e5d304936e30078edd6c32f73907bd25ae8e296c5b20946a515e9654682dd4b,3b7fe63c1e9eee64,a84a3d2b58cc7d0e08cce959a013a2328df53fa64a8bfc4438bc50be9b20538d,ok
val,000000227947_4987,256,256,52635,0,12901,0,12901,0.1968536376953125,39,39,181,206,142,167,3,12899,dog,b0cca846de5676fcf1323d3630d3a4f578c48a0cab20115c7374fbea96807d09,79f1f0e0e0e02230,a7b2ef81e1d6670c2e3a4094b70fc4b1a3aa5b4377ba06b32d89e2e617f14f56,ok
val,000000229228_3616,256,256,57994,7542,0,0,7542,0.115081787109375,45,58,141,182,96,124,1,7542,cat,0ff9ae1fd551c9dda1944925d4012beda6dfc5904a38e82d356a22b1d521098d,b9b9c9ed6d4981b6,85419aa99ac5962ed0fae646bb1c0314e4a9a7f2e15286bb9f5d6e8f5115531d,ok
val,000000231374_5225,256,256,59242,6294,0,0,6294,0.096038818359375,100,113,201,219,101,106,1,6294,cat,1b6c9a06da5decbbfa9e9484361cca108ed25b5b64811fcbf5be5fe3da159e8f,60420c0607e3664d,fda98940893f62e160a386c5adefb2e79f5a5295adaf3d03ec07b468fb3bd1b9,ok
val,000000232182_6942,256,256,60330,0,5206,0,5206,0.079437255859375,23,108,119,232,96,124,1,5206,dog,58e5739b0231a97b41c7757ec28550fda4bb056665d3c4826074ac1e3177ad1a,cb4ee3142d26aba7,72f5d4f355379fc80a0da948800277be70d16766e110a449c01310d177da331b,ok
val,000000237303_5987,256,256,63496,0,2040,0,2040,0.0311279296875,110,31,171,87,61,56,1,2040,dog,42d7e3361655e1344ccdc10d7fbed5bdbb60013b1a207228f20d95952f0c7729,4f6b723150d82d73,71ab2015a054dbebe097d50f87288756569acba8c9118741c5f3550a4c1fdc87,ok
val,000000239243_4878,256,256,59025,0,6511,0,6511,0.0993499755859375,52,76,199,204,147,128,1,6511,dog,528ed92436edca6f092b900aaf3034ca354f4fa1a02f92a74be4e00f3986abfc,9b631999990921c2,63be6617bf1416ad446cb959199ee1bd45e897d0c265e768b0db0955391ef273,ok
val,000000244712_7428,256,256,59909,5627,0,0,5627,0.0858612060546875,59,26,160,126,101,100,1,5627,cat,7855e49820b95a2bce2fc307eeba1eae66e1e988a678d013a819f990fdb52123,93de9da10efacc09,404536177e7ba911c8582b546d4da531372968060f6fc105c55dae1b5ab5f941,ok
val,000000250400_6034,256,256,60683,4853,0,0,4853,0.0740509033203125,31,103,135,201,104,98,1,4853,cat,042b029502af012c83303b2e33584b5255008bdb92851367d9dc2c3399bb87df,cb4f0fc1c060e0c0,e88fe87aa1efaaf481a1ba55692a4fc5084b3ac909f879c8c866977156a371d0,ok
val,000000253665_193,256,256,50221,15315,0,0,15315,0.2336883544921875,63,35,226,190,163,155,1,15315,cat,d7e27c76e0b64cf894cb314928f9f6f9c1e8377fa1eaa6eb044ebc84a8b981f2,da39652d1d773434,00661f895558d34c9edea08c4e7b89a60adc90cc19e1c2533a6ee52c55c31b01,ok
val,000000254392_161,256,256,50449,15087,0,0,15087,0.2302093505859375,59,21,217,183,158,162,1,15087,cat,8457543b22dba070048086a85aff01be1eb6fb68eeaee81e3746f3c3028c39f3,4946616809c33070,8fd22d8fb1bb7f9026f06ea83dfdbb736b01005b57ec655bb3fddadcf84cbfc1,ok
val,000000256481_1078,256,256,59329,6207,0,0,6207,0.0947113037109375,54,31,168,129,114,98,1,6207,cat,d9e44c7e798054e1397f9288d31099393cc0c60d5ab2dab7bad288b027bd4b00,2b299b9f8fcbbfdb,a10ceaac51efe63cf1e02bb1e31b70fd4532a27269b687cf14a8b262684385fd,ok
val,000000269511_2376,256,256,63314,2222,0,0,2222,0.033905029296875,121,142,193,199,72,57,1,2222,cat,c3b52757c875794399dd9d23304cd98dcd77b38c8e368991d1750d9fb1ac8eb8,0e0e666664463020,470ed9898ae482743680c3b2aa695efdf88f3ada9f3346bb50d61ad316eb3591,ok
val,000000271680_150,256,256,63652,1884,0,0,1884,0.02874755859375,161,152,224,195,63,43,1,1884,cat,472326d58091dd8930c967d300beea3ba3d771dad7e0e600c121f012c5b72479,27818335858c8cb4,04c8eab939639d372d1be4b6bc8c95860db2ef91033fdc4efa296864137d01b3,ok
test,000000242526_4464,256,256,63389,0,2147,0,2147,0.0327606201171875,134,72,170,167,36,95,1,2147,dog,9f54f80d2e3e9775a770d9e7371931c645fcd3a86e41ccabdacb7c959107e864,8eecc5e6e6f6031f,b358f9fc40ff1a15270ba203548ff12f860c88b50cd58b21e79426036a4ab302,ok
test,000000251623_4307,256,256,55407,0,10129,0,10129,0.1545562744140625,57,25,228,146,171,121,1,10129,dog,8e47a47bc3d2d09a777e12f2c77e7f991e19b7ee6aebe159256eddcc45479534,1d1bb397b6169293,76853dcecf22ed70aa86c14aa3a715c5044bffe23cef3de0bede79d57b0f69b6,ok
test,000000255440_7112,256,256,59075,0,6461,0,6461,0.0985870361328125,86,124,194,234,108,110,1,6461,dog,f0a74cd470e2b96d1371296b2128d8dee5bbc41c71ef54a6bcc315b06356f2d4,b7b71f3f2f3676ee,13adb4d5713b9c8b7543ab2a15db642ac1708d9cdde26cf4187553f5361ad2e6,ok
test,000000256577_1983,256,256,56756,0,8780,0,8780,0.13397216796875,140,25,229,189,89,164,1,8780,dog,4bae0f3a2c7bdbe5fd9ae74d14dcf2e9a3a867dcf903987088d570c058f7df05,c4469e363c4d0949,a82d7020186de78e13469915b24e3dabc34b44149564814529d89f5c9b644559,ok
test,000000258129_3143,256,256,60461,0,5075,0,5075,0.0774383544921875,89,60,203,213,114,153,2,5074,dog,5ba9aab287fc9d3b8070510118fc5478b8b95233eeb6a858048ee8672c720fa2,3b9ba424e66066f6,d100767b75a4f930ac1bdd802bcb6945bfa53a4a6071ee86afa170ce2f3a5e91,ok
test,000000260738_2306,256,256,61187,0,4349,0,4349,0.0663604736328125,114,108,177,222,63,114,1,4349,dog,e0b19eb9b3831c325b3323ca5cb45547821bcac82dad61474e0454b3ef76d2e0,49090803139992f8,c35be7cd601aee876c1675ef65d6bb99be3ae4fac2218d74c1347da96d8b2204,ok
test,000000261977_7804,256,256,63367,0,2169,0,2169,0.0330963134765625,39,59,113,147,74,88,1,2169,dog,fdfc65aaa1a70172f3772727570a705d4692005db11962d721d7f291612cf2b7,cb0f243058aa121a,7da9cfd54dad22ee3b34fbe26b2301d0d1c9ccc0d75be80b14a9dd2c2caa34f7,ok
test,000000263377_3285,256,256,64267,0,1269,0,1269,0.0193634033203125,108,66,141,122,33,56,1,1269,dog,9c5ff012b2098c1324386c775e5700d35b1c457eaef402f6a5fc95ab44fcee58,2630484e9aec2131,0e46eb31766c5b3c85823ef3a0d584cb2ebaa45138f4ede10a8ed549f0160045,ok
test,000000270785_126,256,256,62391,0,3145,0,3145,0.0479888916015625,81,146,195,204,114,58,1,3145,dog,144de78882ad83265d5de4d8a2ccd572995cc84765b301f8915fb623abe30898,6073cfcc4e8e0e80,d2f798eacd347a71b1b7e52631022957d5ff5f4a88c737bc5682f6c15a557e6a,ok
test,000000272153_1436,256,256,60030,0,5506,0,5506,0.084014892578125,93,109,192,205,99,96,1,5506,dog,5d3d3e23ca46049e5df2e7a27b8a101753c55d6e293c1b6f7f40eb82d1a5d4de,e2626558cec7e538,fd6e8dd2850a5ca262e316be005cb5dfcc7a8fa5f95d3b7a06dabc3b04338bd0,ok
test,000000279582_4123,256,256,61250,4286,0,0,4286,0.065399169921875,102,94,178,236,76,142,1,4286,cat,f9d1870501370998cd64dfa8fb69fe4abfb748d053afff38e4dad5777a850911,4646c68e0ecf4e8e,012d82c84c92609b47041bfaae46bbc219a49263c702d17ae4dc5547f12d07e5,ok
test,000000282137_4359,256,256,51139,14397,0,0,14397,0.2196807861328125,72,25,224,177,152,152,1,14397,cat,6790c6a90fbc46f92a8e3ebc7bf39d34124abec6a359cb12a78b1b74f87c500f,48731f8b43cffce9,9fd6f468676e80d432016187fd26e6dd6db974b076bd0c8e1ac4aeee8d7c26d3,ok
test,000000282674_160,256,256,59166,0,6370,0,6370,0.097198486328125,77,25,214,115,137,90,1,6370,dog,6cd1077ea40a8f111c1fcb8b4de8a0cbee038f06ab01aa65360137c26503af5b,99cb8e96c8888000,7c4c9abe00e29b2253b51f996872083d4c87d7453e3657fe911188aadf4d82e5,ok
test,000000284148_7566,256,256,57010,8526,0,0,8526,0.130096435546875,37,88,136,222,99,134,1,8526,cat,48b66be24dc7e434e864c6942851c04228fed1c8288c31386b871a38f9e40b9f,67335fc2e6e7e761,01c2d18301825c320aeff42f79761128c3cd6a633ce0860b7febf11ad07a4d66,ok
test,000000284884_6459,256,256,63995,1541,0,0,1541,0.0235137939453125,35,178,91,231,56,53,1,1541,cat,517f93af7765cf5c0aa1f2cfc7dcde49d271d1239fe816c23c1a2c48c6c214f3,30303030f9b9f171,d43b9a32f49f6f1d0faf2c28f99f520f89311487e2633362ca53ce21393afd49,ok
test,000000287567_4976,256,256,51328,0,14208,0,14208,0.216796875,78,73,212,235,134,162,1,14208,dog,2a660cd6ff00d9ac6db82afc49fd81a3aa9988343849e6e36078078ece9783aa,cecc8e8e878f8f26,c78514c127b348c6b6a0d5b05d030979f5c900e93cc32fd075d952877fccd13c,ok
test,000000288724_3875,256,256,60906,4630,0,0,4630,0.070648193359375,83,146,181,219,98,73,1,4630,cat,157cebb0cce93b61b5ea0dec276f597a7c64d06883344899d6de744ec0585463,c7e3e8e051c6242d,ad7c802c01d5c25d9e0651bf59c9831586a202c55a684c023887dce306c32d6e,ok
test,000000293554_45,256,256,60825,0,4711,0,4711,0.0718841552734375,136,84,221,208,85,124,1,4711,dog,d43e03fa765d98feb9ba470de20a5975a897e31b56cb592e7dff729c3af52de1,6626a3d2934bdbd8,129f0113f9fa16eb230c1946d66db2c41369c1283686a0b1e2ea2c0d97c6bcc4,ok
test,000000296676_1149,256,256,60618,0,4918,0,4918,0.075042724609375,58,36,166,166,108,130,1,4918,dog,ccc420cb81e939e591d235c08fa8cf7ae69f31fba599b0cc2efc915779be5567,45571ab232477950,10307ba489548705ae8181c633f913a771f7e13e37d91470a94cc44723a294dd,ok
test,000000298360_4204,256,256,59979,0,5557,0,5557,0.0847930908203125,34,71,126,170,92,99,1,5557,dog,bdef14a436dfa28c7e38e5c9df9b3be3b8f54eeb8eea0390f66b773e4945d53d,1f87e7d5e5cd2d63,e507cf37aaa35dac5f9e11b28232de28ac6d04d0dd9d3edb3c954095f9a0bbdb,ok
test,000000302249_5937,256,256,58825,6711,0,0,6711,0.1024017333984375,79,104,222,230,143,126,1,6711,cat,26aecdb40629b52e46e833b4691c50f6a8b0e6325d7bf8bfb0690876b5a3f7a7,eeee7e796366674b,b2727e10964b905ef6535d9e21199ba609463fe80182551022e14f6edc58c1b0,ok
test,000000303543_1791,256,256,62501,0,3035,0,3035,0.0463104248046875,78,116,215,162,137,46,1,3035,dog,faf214c9bdc8fe35cebf8612ebe746693dab96a66a62ff0a7c79fa3d042f44b1,9cbc9c1687b7b0b0,adef9af95853811ae0afbefead51a20f5a547a94b24ab445102fd345cc5dd7de,ok
test,000000306630_7423,256,256,58794,6742,0,0,6742,0.102874755859375,109,64,184,197,75,133,1,6742,cat,fb5068428ef160b9bdc73140a70820712675e207512bd6fa0868cb826a4e60d8,64f4a91939b8e6f8,55f14bd767e2a348a8a391b460631e316516c2d06394028e77de5dcf2fc5b4d1,ok
test,000000308083_5809,256,256,56245,0,9291,0,9291,0.1417694091796875,45,61,168,208,123,147,1,9291,dog,07bb0e452ab55f27346e65a858d204f7ec043ba7f4deafd7454a40fd72a6c61d,040205a467633371,ebd4e12288905e77122a116004f881277b09a8ab65d8d2b8f781ff0de4c5f6d8,ok
test,000000309044_1768,256,256,61778,3758,0,0,3758,0.057342529296875,161,67,224,160,63,93,1,3758,cat,64de7d81f7418218937657c13e9a4f1be752a50705a0d99be9f02ccf2fc8055c,3a39b8b2e3e2d69c,2ced15733c93d5cd420f3c435dd01217cb960d6516d065ce17e5ef4cdd74a957,ok
test,000000315467_1972,256,256,60671,4865,0,0,4865,0.0742340087890625,84,67,201,170,117,103,1,4865,cat,d4d2a8ee665627d21270e579e1b13c0619434fd49ce5ea8b5c3c8c9fbf9eea1a,8c88030e0e0c0404,ba196733ba878a1c98df4fcb2e813cbc4773320c125e478f0bc67a9e2b4ef0b3,ok
test,000000322321_6994,256,256,61528,4008,0,0,4008,0.0611572265625,55,35,123,126,68,91,1,4008,cat,ba8c604a09ceac3bc6f89a0e4df7b0286daeb6382fe2e6dde3d29e1e45bb2d48,7c3c1818bfe9e4b7,133cf329631230432ba926a12d24bf6adae8b7610fde943f1290be4526e5c0ca,ok
test,000000324772_4097,256,256,57811,0,7725,0,7725,0.1178741455078125,66,76,213,229,147,153,3,7055,dog,2ba8db836a240486053b1f93096f36a88b21a79be4795921bd69675db58b029c,00034cf872716a2c,716a69a7ba8e7696c666c05d9a87aedc0c0956d7eb572953811f493552417767,ok
test,000000326968_748,256,256,56702,0,8834,0,8834,0.134796142578125,54,32,195,162,141,130,1,8834,dog,f77a4aa5e63db170898977893cff48b21fd46dc5e4bdf38f73e73158bed007e5,d8cd4c4c597979e1,ed99091571db64dff8b4eff671f5a38949e123b33dfc6e4bfbc4c467555f3d4e,ok
test,000000329012_2878,256,256,57891,0,7645,0,7645,0.1166534423828125,24,60,198,141,174,81,1,7645,dog,cf43fbfe42507a2dcde25978ba3c1ad77945c3afe3883f194a633db504457a58,256d322727fcb0b4,e0203ea69493926cc1b69f1cde7985cfe0e55c26d9f677c2726d7de68371b990,ok
test,000000336372_1307,256,256,63437,2099,0,0,2099,0.0320281982421875,60,94,112,174,52,80,1,2099,cat,cc58c0b2764c277dc07ae5f9a9fbb49cb99105474c8b7912b78238a98d516bdf,1f171e8fbf70c160,7b7eb34d09bc5d4e179b6ca066520522fadeafb49cfe69aeafea5c03eb6668a7,ok
test,000000347113_140,256,256,62537,2999,0,0,2999,0.0457611083984375,136,90,231,131,95,41,1,2999,cat,9b481a100b6c085f1161dd741c257ec3b2990e3aeb1399e915da7fea5bfa6c5d,7a32b06cdfdefecc,d4ae8347b4c8bbc905748f996f4f512730ee6c4f93298785bad0fb072f7b863d,ok
test,000000348902_2568,256,256,63266,2270,0,0,2270,0.034637451171875,64,123,110,199,46,76,1,2270,cat,1714d29230a6b76db671e0b71920e8579045982da23ff27943a90c4a47dd7f43,597a78585878d9dd,a8199a2579b6692e74496775f4ef16400efb95f9dce8eaae67094991138fd268,ok
test,000000352558_5800,256,256,57848,0,7688,0,7688,0.1173095703125,51,95,214,230,163,135,5,7684,dog,b2a8e79c3ff58206d37e2aa1d0c957b2460a4a3adeca68e587f3d2538d905a1e,00404061de9af38f,d84fe419dc1356f60db9ef5988825016a8c638021f1316bee6d3a73933ffcb89,ok
test,000000355603_7766,256,256,58176,0,7360,0,7360,0.1123046875,85,26,178,155,93,129,1,7360,dog,cb84117f8eeb109abc637b92ff6d017dcede9b9973a86acbd25f670375bce6fe,1a664c4c45dd90b0,dd549fffa90293f066a83f588f67131f138b97c6df49eaa0935967c3178c290d,ok
test,000000357542_1234,256,256,56376,0,9160,0,9160,0.1397705078125,38,82,209,220,171,138,1,9160,dog,eaaed01e60f6ad499560297452c442dfe1dbd6fc7154e4ca48bf5f5b3b730120,825323cdcb9b13a4,096de32983da20ed43788da70db9c6035e92c4a60e9c5e4bee50d9c2de00b610,ok
test,000000358545_4807,256,256,59226,0,6310,0,6310,0.096282958984375,49,60,173,227,124,167,6,5565,dog,063794b686f7f93167f3c46a331146d529b6581e72cc56c0134a8c13a5f984a1,00501d8f1c1f1e1e,0b2dc51bf2f377b26bcc7ea511da899df00fbc5be5701e5c24575c5b2611a2aa,ok
test,000000358625_2898,256,256,63955,0,1581,0,1581,0.0241241455078125,141,39,202,84,61,45,1,1581,dog,6ce8f0ae2c10d771b02a95392ecfbae219a96de338a754444c4fc53411e85371,c5edc9a73f9fffff,a3adecf5466a63cd88e1ae8c61139c9d477fb3f7d556858c9a96b1944400a31b,ok
test,000000360510_2140,256,256,60628,4908,0,0,4908,0.07489013671875,82,155,201,236,119,81,1,4908,cat,ce4482b07019a9409c2464130f4e2a91e3a85b8d44fadfb65b8c6325770041a1,8491b0a0aaad8d91,00877f19c4c1588c289ebbffa5e21b4a1cd7f563dd9b6a643f55bb83b8dbee66,ok
test,000000364167_7048,256,256,60948,4588,0,0,4588,0.07000732421875,140,44,223,171,83,127,1,4588,cat,2e2febdebeeefc04b4b784d082c49658608d5699fa354f506a2ff6d208d275ef,c1c787d6d3f3f8f8,192d942c8d8ea9d565a46a99df580eacf04241adc7766adf0627dd1fae8e2aac,ok
test,000000364566_4776,256,256,50606,14930,0,0,14930,0.227813720703125,23,45,169,219,146,174,1,14930,cat,67e49104045cca385ab73ec42deb995fd843fb61dd61fe4e061685b755c69fee,0f075ec6c6c54c69,9934f3e55172611bb85876f36ad55d07e4d147021bcd5749f56db98de76fc975,ok
test,000000366787_5428,256,256,57753,7783,0,0,7783,0.1187591552734375,70,121,209,216,139,95,2,7776,cat,cadf921726e36f0ee697da082f570e213866680080a9e68a302e97cb346b22c0,3133bbaf8f9b0f39,e394c434b77afbe82bd1bf44534de415f82b246ab10ef5dd62d8b8617ae4d469,ok
test,000000369547_1504,256,256,53650,0,11886,0,11886,0.181365966796875,81,43,224,194,143,151,1,11886,dog,f9896bbf97044f32bd9f28816e4c801548ceb88c7befac006c8616925acbd41b,bb099b640c2d1090,83e996fa7de6176d0c793d447c36fbf8f3bbfe60330d255a421295b7317b031c,ok
test,000000374990_1801,256,256,56804,0,8732,0,8732,0.13323974609375,47,91,172,236,125,145,1,8732,dog,a40070197fa9667313c378ed0325a14b27742390f0fb3b9119c260dd2257546c,6c646262f2f2606c,bc9a5db579eea51f35ffc7641d46ea58e92819c854bc30cfa789abb126a6d89d,ok
test,000000376247_1815,256,256,60562,0,4974,0,4974,0.075897216796875,94,122,185,232,91,110,1,4974,dog,eae3d8d16612e404d684b9c97ce570c64a82bb77d03b93efea689983c1de50c4,4c59f973321a3c67,aaa51a03ff42d454148d98420e9a887fa5aa5d38cb924d57133bb6a69038a59d,ok
test,000000376362_2504,256,256,60470,0,5066,0,5066,0.077301025390625,44,56,120,162,76,106,1,5066,dog,054528bd09ff1b8f33ca50526ddbc1a73d6a52f2e8990855b1ad2d21984cb8eb,3223a196c4768f3c,b13b0b1b2e39e2f706138072ea73a4909b6b55874b22faecf1d9adff93ed46e7,ok
test,000000377867_295,256,256,64474,1062,0,0,1062,0.016204833984375,138,173,175,214,37,41,1,1062,cat,b5101b94ce401ea6a5f63f91bc6c190c51f7fe9eb2500970e0a8dc7dde7b59cc,060e078f8d872720,e077a5f8bbccb64bedabefd3d3ea0d9e586ddf3de663d87b93bc6d7700e202c2,ok
test,000000380117_1580,256,256,54835,10701,0,0,10701,0.1632843017578125,46,84,220,179,174,95,1,10701,cat,14c9dbeb66913b010aed3bf749531368315c791594a5b83a2cd865bd4bcffb75,7e6d7866b1010082,c38af5e994ab5728f50d30e566845f8ae0aba0e722bc199be785c0949a199c77,ok
test,000000381789_3571,256,256,56930,0,8606,0,8606,0.131317138671875,55,123,224,211,169,88,1,8606,dog,4ec100a5adb8f96be1f4b848bf1603852ff89a134cfc96d473da9ed06bfd869b,9cf8c0fa9f87058f,cacb03c621d32fc9413e3ffc6129c809a0acee03232b851b1d3c48d92a7c50c9,ok
test,000000384935_7747,256,256,61889,0,3647,0,3647,0.0556488037109375,132,129,216,228,84,99,1,3647,dog,065934b49144b4f2bb50c47f7617c33c905c9ce7501df1e020afcb231a77ba42,1071c6cee1b59c0c,d8c6d6cea3da1fd01a7b629595bdac9173495669e9ce295e91a5c7f97552a1b0,ok
test,000000385912_1140,256,256,58192,0,7344,0,7344,0.112060546875,141,85,225,209,84,124,1,7344,dog,a0491b89b368becd191859182da9411ffb3db3028db24fffbb8e46c8b7a01951,9f9b9f9f3b7b6364,84a0038489ccd6d9f5db39a028fbab0d66fbe587de043612da096fa66a2ee389,ok
test,000000386165_2135,256,256,62438,0,3098,0,3098,0.047271728515625,93,94,172,181,79,87,1,3098,dog,8f4ee24cd9c7352f033a2799375ed71a6ac6ae4d73ee66f4037352998a04b26a,d5971bcc8c10887f,816532547eaa75db0ea8a597e65ad78f7fc54b14eab510cd4fbd3641d5bd24be,ok
test,000000386968_641,256,256,55190,0,10346,0,10346,0.157867431640625,91,59,234,203,143,144,1,10346,dog,e10c4230d381cb000fc57a3ecdec5139178c0640837a6aa75f38e84b4dce3eb1,0a15b326b6f4fc39,6f055c621072196f47464b70d64d0c852f655ec252bc01a5322d21bc9107b0a8,ok
test,000000388829_2089,256,256,56682,0,8854,0,8854,0.135101318359375,143,74,235,220,92,146,1,8854,dog,861c4a55711ee42948b3d092636acab83be417326a9259609c2fa24b50b25df9,8ec30797163e3a5b,2e453b8ff5aa377217de0d99664856e041aa5e796121fa7b4f2fc0e2ba452853,ok
test,000000389463_7315,256,256,57394,8142,0,0,8142,0.124237060546875,31,118,161,214,130,96,1,8142,cat,35083f0756b4d36e40a0953260fde6eb6cd9dafed639e3c8a423dcc7c135c820,225a1a3a66c4e69e,1ad895c9a718ff7ae36e58084b79d3a8fd6cf41ff84015c8fbab99fb95b1fb92,ok
test,000000393412_3537,256,256,64988,548,0,0,548,0.00836181640625,206,175,233,215,27,40,1,548,cat,a2872d2937d2f6b05fda0b3658202c83bfe2e26f32be314302aa08433dd26f1a,736b9d5f1f8b3a3a,e422d606199d22a990a71e8137e81f3b8e292e41b910ffc53f3142fbd0275c41,ok
test,000000394036_7354,256,256,55610,9926,0,0,9926,0.151458740234375,126,79,224,237,98,158,1,9926,cat,e8c964bf369a4e69a058df4f3f9c48b2c19be6ed543c3429f46a5e977e4728c7,f19da7c383a383d7,b55cd2a2799e69930cd2ce3b1f13aa8d0d77bc6324f0932b452852415e417532,ok
test,000000394210_6912,256,256,58116,7420,0,0,7420,0.11322021484375,98,34,209,168,111,134,1,7420,cat,e9be44e8a95b3b4ddab0901dce2364fbb435a6418248fdfc8b463f7a83253152,9f8d49590687d3ec,d66f48ede834b3b6d6dceb9564c9e74ce67eac3d3098721bd58a5dadf9140b4c,ok
test,000000394682_5335,256,256,57120,0,8416,0,8416,0.12841796875,79,44,225,172,146,128,1,8416,dog,05072fd97915579169d023ae63c6d6c1c364ae35014d48faf74f3d6ce399f52f,24d970ececbca648,ca39efeadfc4b03d7c29822ea043a10946bb8673e2d1980c6760461dc3c010c8,ok
test,000000395290_2371,256,256,56328,9208,0,0,9208,0.1405029296875,109,34,225,166,116,132,1,9208,cat,8c91982de25a9b23bdff6a65873d624aacdadbf632b2022f9da6c7fb6bf6fadc,26636034a643b3b3,240359fdce69f8ebdd72b00e37732068ab60983f13cb862cd4b030e960477868,ok
test,000000398440_2108,256,256,60110,0,5426,0,5426,0.082794189453125,70,83,187,184,117,101,1,5426,dog,bd46421547791060436aba8fb974734ed4649130bf6f94a178a6d41f5b3da410,2066623433210f07,9d38161d5c23361db7a5a234b6eb0619049324e4f7eacb9dcb260f44eda5fdb4,ok
test,000000405581_7321,256,256,56365,9171,0,0,9171,0.1399383544921875,25,123,175,228,150,105,1,9171,cat,609f577c77280bb1235039b313e50b673e574d1fa0b5fe85fa4eeb90db58a30d,bc7cfcfafc2c1680,0d9bfe3db7cf5bd30be0e9650be76e2332fe37727e3832553d731a30c9400430,ok
test,000000406211_2388,256,256,52854,12682,0,0,12682,0.193511962890625,68,58,212,218,144,160,1,12682,cat,043bf203f8ed2d2dcf54a1a7d5fccfe2063f695cfbf6721a016aa874e4965b54,fdfdf6ce9e969cf0,bdc88fd03ec21ad62f21c61c83184f7507e933d1bea4f8b9a9525a60a9c011fc,ok
test,000000406422_6565,256,256,57727,7809,0,0,7809,0.1191558837890625,78,47,230,130,152,83,1,7809,cat,1ceec3e596f51e8be26a11978ccd358f0d61ba4db310a37fc19a3cb427eba68e,131333f293131901,b9d1ae22d265bac6d0b3256932eab2f9a372180fb256db88a7a2b1447db83bae,ok
test,000000408008_1937,256,256,56077,0,9459,0,9459,0.1443328857421875,76,58,199,195,123,137,1,9459,dog,4ff488a08b6199fff30a1d867c0f2837c0b2875b36fa0bcd6230091667dcced1,aff86864252734b0,a17c197e72a629b5fb4f81485c03726b259c446371d5f950837c3191823e72ba,ok
test,000000411065_1522,256,256,61645,3891,0,0,3891,0.0593719482421875,69,100,140,215,71,115,1,3891,cat,442f1220bfee87715aec93f8d76b3f63d9b8f7a3127cd8afeca4fd8c5ed78fde,e0d8d891930b68f0,d581cb1e15bfb8a8f827a4913fe76f673090313cb9f49e453789c236862c134c,ok
test,000000412681_4015,256,256,57659,7877,0,0,7877,0.1201934814453125,25,36,166,177,141,141,1,7877,cat,4fea5351528be1d32912778d579f4a3dc3a66037f4eb0e1086d39805ed1c32cb,f1b0b9b1a4e47c30,7f2f03a490dbdde1f19931086461f780bd8ad85ade7c1f8ab7583ab846b12561,ok
test,000000414495_3471,256,256,57358,8178,0,0,8178,0.124786376953125,102,79,221,200,119,121,1,8178,cat,1a31611aee80a02ded02f702749db7bba5acb45335dab76b2d694bae92d7d4ba,8c848ccf834347cd,42b7534b8e1df168cc1f48f2fcb70761159c09c3f6647f6b50372f63a8486142,ok
test,000000415604_7522,256,256,55190,10346,0,0,10346,0.157867431640625,37,26,178,136,141,110,1,10346,cat,0d51da4bc189a035a08596d7f682e349d7e30f29ba0934c6fcd078e83d77b627,0064e0b8b1018d2d,7a2d7dbfe0d61c5a1cea86a41880b51017e40c8653ffb72b21b9efcb57c98f5d,ok
test,000000424138_4714,256,256,64036,0,1500,0,1500,0.02288818359375,166,128,226,195,60,67,1,1500,dog,6b42769f96b6c00fc8e1a5c3f4bcf36a049c1e2cab1ab98704ad4d657a38c69f,fffff7f6e3e90ce0,9781b36e9a0a97fac1edf7f313ea30723b4fb0eda178378163ac3b7a7019eedf,ok
test,000000424858_6664,256,256,54561,10975,0,0,10975,0.1674652099609375,57,85,206,223,149,138,1,10975,cat,53e65ad3949aa6540c8af07aaedfe26e8cfec7cfe5b30f9bdea6f3fe6d62791a,3be9e4e6b49c0d2d,3f1213171d64117160092e394c4735abd094cf6972d81b0858691f9fbd00fc1a,ok
test,000000427133_1442,256,256,60682,0,4854,0,4854,0.074066162109375,83,33,226,108,143,75,1,4854,dog,eb280d3c6953591b62aa298b9328f89fba8aa2c6287714b8b272e4955b86ec1d,98c54ff5ccc61838,390abba25958228c4ca8e567e12e41249a5c5b7756bc653b60079fbda7983501,ok
test,000000436199_2935,256,256,63492,2044,0,0,2044,0.03118896484375,46,44,89,112,43,68,1,2044,cat,b93a6f83a9484a167086c65a6bbbaf1c3114796eaf35b2bf3e4d212f8b4ee798,333397260799c0e0,25fef69c84bc96a1bf16a0235693b87b2ab1e809108843dbe4f82e02951c8abd,ok
test,000000436539_4321,256,256,61110,0,4426,0,4426,0.067535400390625,82,37,192,180,110,143,2,4425,dog,b69a3c05b1c98083ac12bd6cc7136d67da24ea2cdf7437a3155e6e1908992ecb,c62f2d673038b0b0,6707cbd2d24bd9ea4ad032111afd1ec4d6ada96bd4752c18b0199e59278a585f,ok
test,000000437102_5532,256,256,60985,4551,0,0,4551,0.0694427490234375,119,70,234,180,115,110,1,4551,cat,1118cd36dbd85e7e59b72ddf9f210ed67ed357835c652895ab8c6d181a0832f3,e0c26561e3ceccc4,da09f284489665eddec0bf5de77a39a556ce3fa9c1e7928d16fa5f0b2bc05256,ok
test,000000437537_2563,256,256,50789,14747,0,0,14747,0.2250213623046875,39,87,229,222,190,135,1,14747,cat,d3e1177cf32ac6bf9349546ba00c18f39590191abec4c9dce2a7e68aa25401cb,0f62ae99c9c54754,88746b41d18154dc6727c6fec2cc6794efd13997e7a0b2b446a348a589fee3ed,ok
test,000000443499_491,256,256,62407,3129,0,0,3129,0.0477447509765625,90,34,192,201,102,167,2,2323,cat,30afa835070e0240badd027064ef29d30e1b20d5ba6d5d3b92c6cbd3cd4b7b44,f4d0907030a8f8f8,d61a8cc532e53a77bd8db771825cad9028e2049cf9d3518814b455d2c537cc57,ok
test,000000445187_3686,256,256,60946,4590,0,0,4590,0.070037841796875,63,96,175,186,112,90,1,4590,cat,f147380d3750be5ed065fb04882da0711e8b3f87df765aadbbe6f8e18a1d49bf,93958523b3aba6a6,1bc5a253347ee70ae9b1895d429b1f7e96833563eb90b65e5e69dc642e6f8b46,ok
test,000000446604_4215,256,256,55427,10109,0,0,10109,0.1542510986328125,63,126,202,226,139,100,1,10109,cat,92b9f1d7248075838d67de5d857ad9daaa39417848537642e0e561d614fd9a99,0302021e96cbc381,49006fefa78b81a6dbb2d51eda779a33672d765abe0e206d96879e4702a04048,ok
test,000000456950_5010,256,256,53171,12365,0,0,12365,0.1886749267578125,7,102,198,212,191,110,1,12365,cat,48a27329ff64a1c6ceba2457325541a3d2ae8af01218b027bd19fd45f4926685,c2c8e1ec3e7f6eec,b4e44e25c690cb31eb89ca5060d1be3ce493fce924fc78fe3d0afd81620a81d4,ok
test,000000463611_1530,256,256,52629,12907,0,0,12907,0.1969451904296875,100,77,224,234,124,157,1,12907,cat,34e017994d3e120278006248c7e2ce0d2d40481bd919878e699d16d901e77bfb,80c0c89c7c38b01b,de9cb813da15a7fbe221615690be04dca30d99198b550bafdd5f37fdeccdb1a4,ok
test,000000465591_1888,256,256,50481,15055,0,0,15055,0.2297210693359375,27,67,200,195,173,128,2,15054,cat,8e4ed3a7b76a9c60fec5e1aa77a1ee367ecf53fdeb7212d12eccba792667e5e6,30701934221bcef6,4bdd4640554ff0e44a59dde766375c93daf942426cbda537cb412083f47f5282,ok
test,000000469902_5228,256,256,49650,15886,0,0,15886,0.242401123046875,92,64,235,226,143,162,1,15886,cat,a316f21ec74df432ca20b8e2105f78320f0f83754c414fb0ccf03a18ec6d3fa7,0000a8b0b8b8f8ed,4b0d13416b6c3f5230c8d8b88b9de82fbc3835cd1a5541cd9338d68cd2d61506,ok
test,000000476276_4024,256,256,60121,5415,0,0,5415,0.0826263427734375,22,167,160,223,138,56,1,5415,cat,56035764d4a1b68f3e178ec9fb8e8586a3aba1cdfbefbba00e052271e1f4ab57,b020452323c3c28f,d8a5ad566958494e26c96a8285681cc7b44af2f614df5811245cdf8c0c95eff9,ok
test,000000478287_3430,256,256,61184,4352,0,0,4352,0.06640625,48,135,140,231,92,96,1,4352,cat,a85edae858492cff163393936248195e573116da353442bafbb016a7104122c1,21252232336766e6,744194563aa784e75611b363327e928340a00b898b88c47a0badfc55950adf72,ok
test,000000481749_4902,256,256,62048,0,3488,0,3488,0.05322265625,98,106,179,221,81,115,1,3488,dog,308dde3f2d8d84b485596af2beb8218363ed2b32b52aa21677acaa0fb5deb2ea,3226e8e4b0f8fdf0,770225fd74a83ddb5dcd6f4ff712833e03a3053ad52168001b1ce285cca66799,ok
test,000000485148_1904,256,256,57971,7565,0,0,7565,0.1154327392578125,81,119,221,222,140,103,1,7565,cat,39fa04d40e1cc05ada6e7b4d9f54b6ffa02144d2db910ac551277b52c4cc28c0,3b39392c21264600,dbc69124b22020cf2af1b41c9092084bc60381065de54302bb222a6ca36a782c,ok
test,000000488689_3765,256,256,64466,0,1070,0,1070,0.016326904296875,43,94,98,137,55,43,1,1070,dog,1ae540b387b5a14a5740a2ff45d470b31cfafa74bc08d7228c4b4b3262576954,85606107d9b9e257,9761912b0be4b9c9433b2492fdce72aeba87fa32dfaa1b89e3e345eda31bdf7d,ok
test,000000489944_1657,256,256,64168,0,1368,0,1368,0.0208740234375,33,162,95,215,62,53,1,1368,dog,4cc3d56c3d2131594e3853b786137b46aadffcb7acaac63bdcad19254ce26ac7,2181f2f8cc2b3be0,70fa5dc973f406a3fb6ecf45aa701e5c07380cbc084e044bc4ede5debbc70d6b,ok
test,000000490490_5422,256,256,53359,12177,0,0,12177,0.1858062744140625,22,95,185,222,163,127,1,12177,cat,5d5425567f929feb86221db29ba714c5385d9837346ab5d4143922f0584e3588,30b8e9fb3b5f4902,0b28c3cda8999c3ea42fd0df533c231f070968dff85b23f2a16f760ddcc1e0d9,ok
test,000000490508_6880,256,256,60203,0,5333,0,5333,0.0813751220703125,111,103,228,207,117,104,1,5333,dog,864804c6f46dc68071453093e0b88ccdfe571b66b1266ab2deece7d610a9c36f,a1212d63671eb264,6e2ae7b6e40228f02529cb83b5528f4d6ec1cf54d875ac00809b7c711719b571,ok
test,000000495159_4697,256,256,50713,14823,0,0,14823,0.2261810302734375,63,59,227,193,164,134,1,14823,cat,82f3797719fc33961d2d0eded24cc2c8a5c665aef6c41f3625ffc9e4d6d08472,3022071b179e98e0,b29c9b20a97724d9384f598a3ad5a92051b920b560e979ff0e241df9805e9efd,ok
test,000000497010_7263,256,256,60746,4790,0,0,4790,0.073089599609375,91,35,187,129,96,94,1,4790,cat,a33587649615f5972c6b0bd3fbda7d2f948188363ff670da14d0d505a4215dee,6c6f676666e4e41c,9380a41fc9aef29c6870c288aa9e1542561d65813e0643b062f6d2c6088aa705,ok
test,000000499662_6127,256,256,59709,0,5827,0,5827,0.0889129638671875,60,54,136,195,76,141,1,5827,dog,c9119ae86967b22ed6a3d19d0e9452e920b63531124f1838d47311913bfdc8f1,4bcbc3c7c8c3c643,6430a5811fa1442dd4acf9d7e0cc5e4b15c43dc931a30912c40bf29c2b4b45ec,ok
test,000000501788_1565,256,256,61551,3985,0,0,3985,0.0608062744140625,75,65,138,170,63,105,1,3985,cat,4c099c48f1b4f2a6b79186fbf7e0faa67ed7c620091db14348b8bbe3efd113c0,b67757656d6f9138,0e2bf92bfdd0c076cf3058146be779e8a12d9490bfac3225edd39dc868ffd063,ok
test,000000502680_4731,256,256,56237,0,9299,0,9299,0.1418914794921875,129,23,208,182,79,159,1,9299,dog,ee1877a466a70956e06a9df5194e27b50044c8aeed7a068026efb02de71aaa0b,8cbc96b787b7fedc,d2231cba4b4407910064ae27cc5bc65fc681f288ed6f3bcc2f00409d33b63849,ok
test,000000504194_204,256,256,57402,0,8134,0,8134,0.124114990234375,45,60,186,201,141,141,1,8134,dog,9a99c5e437df15b757d98615ae325960dc0fb9d745aaebfe03a71d104149a43a,07262727723f7e85,7bc87c1d07c71a5b7649ddeb995186a180920db2e7c12bf3ad3ce0c92dac7c5c,ok
test,000000508949_125,256,256,62288,0,3248,0,3248,0.049560546875,168,68,217,175,49,107,1,3248,dog,634c32f23f0587badbf3ed58d09b6a333a1a15f15406d44c5d652288e0068e8c,d2c68f9bdb090ea7,d9cfc778e61b8a5b4c28c2c13bb979f2a0238dea370e698094cf04bf06b99897,ok
test,000000510402_4103,256,256,59276,0,6260,0,6260,0.09552001953125,58,87,200,193,142,106,1,6260,dog,3ac6fa33c2d1b2a2ce34b0399d750045db31bd321d231183fe8530ffa96204e2,e3435f72f0f04226,22a9bd676ba97283e8ef84b45592645197ffe609b4da4b16463b17c8570f1048,ok
test,000000513703_3282,256,256,58590,0,6946,0,6946,0.105987548828125,89,92,219,215,130,123,1,6946,dog,981399cf4f296c28b4b4a85147e67ebf6346966a00e0f53e2ec2662ac19d15f0,fcf8f52de8c98d82,838d505bf3e2a41f3c6a76159b94b63b54579789544b94e759d35b2b688a9043,ok
test,000000519850_4924,256,256,58109,0,7427,0,7427,0.1133270263671875,48,112,208,203,160,91,1,7427,dog,321fa90d400839eeb53b5de32b984d4f60368e29320e09d309973b010808941b,c4704b8f962643d8,5c3ebbc4d74c20e92544ceb84de9bed4698c301791eff4e987e3a79d09b94c32,ok
test,000000522225_5983,256,256,55487,0,10049,0,10049,0.1533355712890625,68,72,226,228,158,156,1,10049,dog,dc459c730d38a49ce992410b1ee46a1fe288e3e6ff1816c107834cb949efaaea,c7871432f5138fff,f14a2949880af80cdfdaf0c8daa8378de5f14576dca78358191f59411d9504eb,ok
test,000000523473_2888,256,256,63809,0,1727,0,1727,0.0263519287109375,82,60,158,115,76,55,1,1727,dog,d05385785271f69d416db87bcfddb5c6045f0611583ec2f64028bd367eba1da3,c9f5717dbe7ecb26,4984e9ba336729375ec543cf32d7477adb5c17fc96f138d3252f14cc1e4dd0a4,ok
test,000000524420_2632,256,256,64615,0,921,0,921,0.0140533447265625,182,119,211,172,29,53,1,921,dog,b67f87713ba5516449397ff773c28ee56b6437ddeb34c9b6f0c484f79378d93e,6c731a0c8c3ca858,57f646c4f8e82c31f8ffc4d0be77418424fb3401b4ccf5961bce192d9b22ed3a,ok
test,000000531614_4831,256,256,64949,587,0,0,587,0.0089569091796875,32,91,56,123,24,32,1,587,cat,12011bc9a1d74394b676e8b54566590e6f1224b514ee7e3fa8fb48382c2433f9,020989b8a0001000,7ed6000c92c220d7ad0a9a127453b0d0f539a779fae4e2bab3433e3e8bcc03ec,ok
test,000000537213_6413,256,256,46545,18991,0,0,18991,0.2897796630859375,50,55,205,230,155,175,1,18991,cat,7b20ab81ea118fa44434509143ed24844d11e8a7baf2dfa22184a9551dd86672,393131396163fb7b,8f3b9fc1f186c6b78ed1d2ab3a2b62dcdc9ae015db3a477effeede70afad3062,ok
test,000000539198_2722,256,256,62325,3211,0,0,3211,0.0489959716796875,165,141,223,227,58,86,1,3211,cat,cc40d842dfff9821daed8c6156c57381f86437e8ce135a95e8ea19da105aa175,913901616594bc1c,a25e75a99c6ae6072dad7fe936c07bc6bfa983180e6d498273fffbe9ae1842d0,ok
test,000000539233_6476,256,256,60364,5172,0,0,5172,0.07891845703125,68,94,171,180,103,86,2,3066,cat,9197c6c8a6424a96890291236d17014cc1d345fabb6086e270fbd19649763839,2c2c0d3933330b88,ac4719c3862c811a7b6f4be2a2e09de33dc785293b80f6395f05e36e96706bbd,ok
test,000000543836_507,256,256,53451,12085,0,0,12085,0.1844024658203125,61,59,211,201,150,142,1,12085,cat,4df44d4d62815cf1961ced123fc64c5a938453a1a4677e0e8149d81c4f88f5f6,69633b2b9b8ecc98,15f1ba23f2a055be126dc9a7619845bdc7180fc87a4e91e082deacc6394efe3c,ok
test,000000546716_5134,256,256,61697,0,3839,0,3839,0.0585784912109375,104,107,155,231,51,124,1,3839,dog,0db910a956b8c73515fd622af0ac1db8241ef736a1be0ca2f1e468cc6b9ccc9c,8d8891133177e6e6,d5477335e91517462e952d2aef17eb5b2f799e9714f5a939f8274d36080db9e2,ok
test,000000546962_1095,256,256,57644,0,7892,0,7892,0.12042236328125,52,70,192,227,140,157,3,7886,dog,77243c00803270c656d10a8094ec115adfbba0b61541a50c2fa7e3701af61dca,a0e0929686888082,f8d468aa58e9ce7ad8dfcb1bd31211e8836e205c3de4d87a3be155153e9e6548,ok
test,000000553498_3289,256,256,62266,0,3270,0,3270,0.049896240234375,144,46,193,142,49,96,1,3270,dog,708f11f095b0fb4c12e8e837fe6565f8ea7e7d13f9a26fd8c598ab2035467cb9,ae3c34909196b281,ce172055eb5dee701a87e1f8b600c53563449c18cc1a82841f5d9d530fd2d17c,ok
test,000000553878_3723,256,256,60492,5044,0,0,5044,0.07696533203125,32,123,183,188,151,65,1,5044,cat,15075afed3f73922c3d42856d16bc15b4d78dd9acb1e1fd9e64363265f62b3a5,c0c090981e7e6e2c,c70024a861c9006f95fba9e7af4c707e61e4c4c50ec58639bcc2bde096adc90e,ok
test,000000556500_5818,256,256,51670,13866,0,0,13866,0.211578369140625,87,77,219,220,132,143,1,13866,cat,12a44dd3d9a28fc44233c98e3c4629e37ab24af58d91498054a9080130d495e0,e08c9cf7e7f3f2c6,9733186d81619651b1388062e8759f00eff3d7cdea44c5191591485670ec9078,ok
test,000000561599_1128,256,256,47213,18323,0,0,18323,0.2795867919921875,63,33,209,199,146,166,1,18323,cat,021e034a84e0dde537a2cfc77f6a3a6a27307fe847d2d6ffcadd4a2dd729debf,3e4e876460311310,77dc80257dceed3255e98069cd30c8cbf3ad56405eb9eb18ab8dd50a1aedde32,ok
test,000000563342_7436,256,256,59094,6442,0,0,6442,0.098297119140625,53,92,199,223,146,131,1,6442,cat,0b1cafbce22a36aaf6778e5cb381272518455c433732bcffacfe45b99d30350f,d3c7b6b286860fb1,e02571dee1d712e56d700f2b94998ef4de9a5e088b47963f6018b366804167a0,ok
test,000000566027_362,256,256,61279,0,4257,0,4257,0.0649566650390625,106,94,164,208,58,114,1,4257,dog,db7572680a7088bb180264279ff8e2ef017d7d37aad356e3a0a0386181e62b16,3110310f0f0f7d99,1d0fbe7930d1f63f5a6c8de7973d0f345c3ba3d402fee85ac5c7e6c65e2d135a,ok
test,000000567049_6674,256,256,62180,3356,0,0,3356,0.05120849609375,150,58,231,143,81,85,1,3356,cat,aa7a1f28bba710e2635dd34cf74b4f98c1380b6e65c5b89cce927240b67e1897,e7e563e3e368095b,4d38e5258e7c6187f1afb11e7e5d3f76d8dbe3a1064b55faa2a367cbea43688a,ok
test,000000575615_3992,256,256,64524,0,1012,0,1012,0.01544189453125,78,175,112,226,34,51,1,1012,dog,97d2b32a73637a72caeca7a6756898644ec527a24cef54fdcbf0748ab2ae4bf5,7c646432337be098,d8b340e37eef02af270d2559c1e5f783cfd340e4340f83f6c31f89f997f6bceb,ok
test,000000576589_5521,256,256,61403,4133,0,0,4133,0.0630645751953125,31,57,83,207,52,150,1,4133,cat,15ab258c88d6803aa6f73bb264370abf8306b5c348f036af8b35232b3194d950,fe3c387c6c3e1b08,ffe98feaf19b1cc96bd07147d28a11be9793d605911325a0ffe37d09ff05b842,ok
